week,ny_futures,cotlook_a,china_b,yarn_index,shankar6,forex,week_key
2018-10-05,76.49,85.35,95.01,135.1,45500,73.77,2018-10-01
2018-10-12,78.37,86.15,93.85,135.07,47000,73.77,2018-10-08
2018-10-19,77.92,87.25,92.91,135.05,46900,73.4,2018-10-15
2018-10-26,78.83,86.8,92.25,135.0,47300,73.43,2018-10-22
2018-11-02,78.79,88.6,91.48,133.06,46500,72.46,2018-10-29
2018-11-09,78.09,88.35,91.24,132.87,46400,72.55,2018-11-05
2018-11-16,76.12,86.3,91.02,132.8,46600,71.95,2018-11-12
2018-11-23,74.92,86.15,90.7,132.76,45500,70.82,2018-11-19
2018-11-30,77.16,86.55,90.15,129.26,44400,69.66,2018-11-26
2018-12-07,80.23,87.25,90.94,129.14,44900,70.81,2018-12-03
2018-12-14,79.6,87.75,90.88,127.83,44800,71.97,2018-12-10
2018-12-21,73.18,83.4,90.73,127.79,44000,70.15,2018-12-17
2018-12-28,72.19,80.55,90.87,127.79,43600,69.92,2018-12-24
2019-01-04,72.52,79.7,90.75,125.48,43900,69.73,2018-12-31
2019-01-11,72.49,82.4,91.64,124.47,43500,70.51,2019-01-07
2019-01-18,73.89,83.8,92.05,125.45,43500,71.19,2019-01-14
2019-01-25,74.13,82.6,91.8,124.67,43500,71.19,2019-01-21
2019-02-01,73.64,83.75,93.0,124.67,43400,71.25,2019-01-28
2019-02-08,72.55,82.05,93.0,124.95,43100,71.31,2019-02-04
2019-02-15,70.22,79.95,92.19,124.95,42700,71.23,2019-02-11
2019-02-22,71.84,82.25,92.89,124.69,42700,71.15,2019-02-18
2019-03-01,72.73,80.85,93.15,124.69,42700,70.92,2019-02-25
2019-03-08,73.49,82.25,92.87,124.71,42900,70.15,2019-03-04
2019-03-15,75.5,83.05,93.21,124.71,44000,69.1,2019-03-11
2019-03-22,76.58,86.4,93.65,124.71,44900,68.96,2019-03-18
2019-03-29,77.61,85.3,93.21,126.28,45200,69.16,2019-03-25
2019-04-05,78.25,86.9,93.6,126.38,46800,69.13,2019-04-01
2019-04-12,78.11,86.7,94.3,126.37,47000,69.16,2019-04-08
2019-04-19,77.31,88.25,94.77,130.18,46900,69.61,2019-04-15
2019-04-26,76.75,87.7,94.14,130.17,47100,70.02,2019-04-22
2019-05-03,74.78,84.95,94.09,130.17,46700,69.22,2019-04-29
2019-05-10,68.45,80.7,92.99,129.98,45500,69.92,2019-05-06
2019-05-17,65.99,77.35,88.52,127.41,44800,70.23,2019-05-13
2019-05-24,68.39,78.5,86.2,125.94,45600,69.54,2019-05-20
2019-05-31,68.08,80.35,85.99,125.52,46500,69.68,2019-05-27
2019-06-07,65.59,79.35,83.89,125.08,46000,69.48,2019-06-03
2019-06-14,66.0,77.8,83.73,124.03,46000,69.78,2019-06-10
2019-06-21,61.19,76.85,84.48,123.88,45800,69.56,2019-06-17
2019-06-28,63.15,77.0,84.13,123.32,45800,69.02,2019-06-24
2019-07-05,63.44,78.35,84.41,123.28,44900,68.42,2019-07-01
2019-07-12,62.36,74.05,83.73,122.59,44000,68.69,2019-07-08
2019-07-19,62.25,72.95,82.99,122.56,44400,68.82,2019-07-15
2019-07-26,64.24,75.4,83.04,122.57,44200,68.91,2019-07-22
2019-08-02,58.94,73.4,82.65,122.54,43300,69.61,2019-07-29
2019-08-09,59.05,71.0,78.89,119.8,41800,70.8,2019-08-05
2019-08-16,60.08,70.9,78.32,119.77,43000,71.16,2019-08-12
2019-08-23,57.97,70.3,77.74,119.74,43200,71.82,2019-08-19
2019-08-30,59.05,70.35,74.37,119.72,42300,71.42,2019-08-26
2019-09-06,58.73,70.65,74.25,119.33,41700,71.73,2019-09-02
2019-09-13,61.63,73.55,74.3,118.02,42300,70.94,2019-09-09
2019-09-20,59.13,71.25,74.6,118.02,41900,70.95,2019-09-16
2019-09-27,59.82,71.15,73.96,118.01,41400,70.57,2019-09-23
2019-10-04,60.59,72.25,72.28,118.47,41400,70.9,2019-09-30
2019-10-11,63.88,71.75,72.63,118.47,40900,71.02,2019-10-07
2019-10-18,65.16,75.45,73.05,118.48,39600,71.16,2019-10-14
2019-10-25,64.9,75.25,73.08,118.48,39700,70.89,2019-10-21
2019-11-01,64.23,75.25,74.17,118.49,39700,70.82,2019-10-28
2019-11-08,64.72,75.7,74.88,117.21,39500,71.29,2019-11-04
2019-11-15,64.86,74.9,75.08,117.23,38800,71.98,2019-11-11
2019-11-22,61.84,73.4,75.05,117.22,38800,71.72,2019-11-18
2019-11-29,64.4,75.0,75.4,117.19,39000,71.75,2019-11-25
2019-12-06,65.0,73.9,75.59,117.13,39200,71.21,2019-12-02
2019-12-13,66.8,76.4,76.87,117.11,39500,70.82,2019-12-09
2019-12-20,67.96,76.65,77.56,117.08,39600,71.13,2019-12-16
2019-12-27,68.92,77.65,77.96,117.08,39600,71.36,2019-12-23
2020-01-03,69.2,78.1,80.15,117.11,39900,71.82,2019-12-30
2020-01-10,71.31,79.2,81.62,118.44,40900,70.95,2020-01-06
2020-01-17,71.25,79.2,82.01,119.76,40600,71.09,2020-01-13
2020-01-24,69.4,79.05,80.93,119.76,40400,71.34,2020-01-20
2020-01-31,67.5,78.15,80.93,119.76,39700,71.36,2020-01-27
2020-02-07,67.75,77.0,77.98,117.88,40000,71.41,2020-02-03
2020-02-14,67.41,77.2,77.62,118.94,39800,71.38,2020-02-10
2020-02-21,68.93,78.05,77.66,118.96,39900,71.67,2020-02-17
2020-02-28,61.59,71.4,75.54,117.63,38900,71.18,2020-02-24
2020-03-06,62.97,72.6,74.78,116.92,39100,73.8,2020-03-02
2020-03-13,60.49,69.3,72.78,116.91,38700,73.92,2020-03-09
2020-03-20,53.68,64.95,67.61,114.89,37600,75.21,2020-03-16
2020-04-17,52.77,63.05,65.55,111.11,37300,76.36,2020-04-13
2020-04-24,54.93,65.9,65.29,108.37,37300,76.45,2020-04-20
2020-05-01,56.56,66.75,65.66,108.07,37300,75.11,2020-04-27
2020-05-08,56.27,63.9,65.65,107.96,36800,75.55,2020-05-04
2020-05-15,58.25,66.3,65.15,106.38,36800,75.58,2020-05-11
2020-05-22,57.61,65.84,66.15,104.93,36800,75.95,2020-05-18
2020-05-29,57.59,68.05,65.98,104.92,36800,75.62,2020-05-25
2020-06-05,61.79,67.45,68.02,104.16,36800,75.59,2020-06-01
2020-06-12,59.84,67.4,68.32,104.16,36800,75.85,2020-06-08
2020-06-19,61.56,68.2,68.19,104.16,36800,76.2,2020-06-15
2020-06-26,60.55,68.2,67.53,104.15,35850,75.65,2020-06-22
2020-07-03,63.05,70.7,68.5,104.13,35700,74.65,2020-06-29
2020-07-10,64.71,69.7,69.6,104.11,35550,75.21,2020-07-06
2020-07-17,61.94,68.2,69.22,104.11,35550,75.03,2020-07-13
2020-07-24,59.96,67.15,70.14,104.11,35550,74.84,2020-07-20
2020-07-31,62.3,68.55,70.55,105.36,35550,74.82,2020-07-27
2020-08-07,61.88,71.25,71.72,105.44,35550,74.94,2020-08-03
2020-08-13,62.43,68.2,71.36,105.4,35550,74.85,2020-08-10
2020-08-21,63.92,69.6,72.14,105.36,36000,75.04,2020-08-17
2020-08-28,64.37,71.1,73.95,107.19,37000,73.41,2020-08-24
2020-09-04,64.12,69.85,75.11,108.62,37000,73.15,2020-08-31
2020-09-11,64.06,70.5,74.65,108.62,37800,73.54,2020-09-07
2020-09-18,64.16,71.15,76.26,109.17,37800,73.46,2020-09-14
2020-09-25,65.95,70.75,75.74,109.17,37800,73.62,2020-09-21
2020-10-02,65.82,71.3,76.12,109.48,37800,73.15,2020-09-28
2020-10-09,67.64,72.95,77.18,110.04,38300,73.14,2020-10-05
2020-10-16,69.92,74.65,86.45,114.57,39500,73.35,2020-10-12
2020-10-23,71.29,77.75,88.8,117.53,40300,73.61,2020-10-19
2020-10-30,68.92,76.7,87.96,119.45,40100,74.16,2020-10-26
2020-11-06,68.62,77.0,88.8,119.22,40300,74.21,2020-11-02
2020-11-12,68.48,77.35,88.58,118.76,40700,74.66,2020-11-09
2020-11-20,70.88,77.9,88.78,118.66,41900,74.16,2020-11-16
2020-11-27,71.68,78.95,88.8,118.62,41600,74.05,2020-11-23
2020-12-04,69.86,77.85,89.18,120.1,41000,73.8,2020-11-30
2020-12-11,74.08,80.9,90.06,123.24,41800,73.66,2020-12-07
2020-12-18,77.16,83.9,91.51,125.98,42800,73.58,2020-12-14
2020-12-24,76.2,82.65,91.83,127.68,42300,73.77,2020-12-21
2021-01-01,78.12,84.6,92.72,131.86,42800,73.13,2020-12-28
2021-01-08,79.77,86.3,95.28,141.43,43700,73.25,2021-01-04
2021-01-15,80.7,87.6,94.87,146.73,45700,73.07,2021-01-11
2021-01-22,81.56,89.1,95.43,150.3,44200,72.98,2021-01-18
2021-01-29,80.64,86.6,94.94,150.71,43500,72.96,2021-01-25
2021-02-05,82.74,90.9,96.48,150.87,44400,72.93,2021-02-01
2021-02-12,87.27,93.0,97.95,152.23,44800,72.76,2021-02-08
2021-02-19,88.95,95.4,99.74,152.81,45200,72.66,2021-02-15
2021-02-26,87.82,95.1,103.09,155.31,45600,73.47,2021-02-22
2021-03-05,86.21,92.6,101.65,156.15,45800,73.04,2021-03-01
2021-03-12,87.56,94.0,100.09,155.56,46200,72.79,2021-03-08
2021-03-19,84.68,91.25,99.14,155.13,46400,72.52,2021-03-15
2021-03-26,80.38,85.1,93.97,154.83,44500,72.52,2021-03-22
2021-04-02,77.95,87.65,93.99,151.77,45300,73.41,2021-03-29
2021-04-09,82.4,88.5,94.7,148.79,46500,74.75,2021-04-05
2021-04-16,83.71,92.25,96.28,148.78,46400,74.36,2021-04-12
2021-04-23,87.51,91.95,97.91,148.92,46000,75.02,2021-04-19
2021-04-30,87.43,91.9,99.43,149.05,46500,74.09,2021-04-26
2021-05-07,89.66,95.5,100.39,146.02,46500,73.75,2021-05-03
2021-05-14,82.43,90.15,99.73,146.49,47200,73.3,2021-05-10
2021-05-21,82.82,87.7,100.43,146.31,47300,72.84,2021-05-17
2021-05-28,82.12,89.7,100.15,146.16,48800,72.44,2021-05-24
2021-06-04,85.8,92.2,100.79,146.4,50500,73.01,2021-05-31
2021-06-11,87.0,96.45,102.22,148.81,51800,73.08,2021-06-07
2021-06-18,84.42,93.2,99.62,148.79,51500,73.87,2021-06-14
2021-06-25,86.43,95.95,100.53,148.76,52000,74.2,2021-06-21
2021-07-02,86.03,95.2,101.27,148.82,52000,74.75,2021-06-28
2021-07-09,87.99,96.05,103.45,149.44,53000,74.64,2021-07-05
2021-07-16,90.7,97.95,106.88,149.59,53800,74.57,2021-07-12
2021-07-23,90.32,99.5,108.41,152.07,56000,74.41,2021-07-19
2021-07-30,89.83,100.25,110.96,152.78,57000,74.42,2021-07-26
2021-08-06,92.42,99.3,110.22,155.04,56800,74.16,2021-08-02
2021-08-13,95.21,101.85,111.69,155.23,56800,74.25,2021-08-09
2021-08-20,93.9,101.5,114.64,156.93,57000,74.4,2021-08-16
2021-08-27,96.27,103.65,113.25,157.46,57000,73.7,2021-08-23
2021-09-03,95.62,103.0,113.09,157.34,56200,73.02,2021-08-30
2021-09-10,95.23,102.9,114.86,157.29,55800,73.51,2021-09-06
2021-09-17,93.32,102.3,114.05,157.25,55800,73.49,2021-09-13
2021-09-24,96.85,102.65,112.29,155.94,55500,73.65,2021-09-20
2021-09-30,107.8,112.15,119.53,157.39,58000,74.25,2021-09-27
2021-10-01,106.53,115.65,119.53,157.39,59000,74.13,2021-09-27
2021-10-08,110.6,120.05,126.51,160.25,61000,75.0,2021-10-04
2021-10-15,107.33,116.2,136.77,163.49,60500,75.27,2021-10-11
2021-10-22,108.26,115.35,139.07,165.7,62200,74.9,2021-10-18
2021-10-29,114.85,123.1,138.81,167.98,66000,74.89,2021-10-25
2021-11-05,116.87,125.45,137.44,170.1,68200,74.29,2021-11-01
2021-11-12,117.69,127.5,134.13,173.58,67300,74.45,2021-11-08
2021-11-19,119.22,126.65,134.42,173.32,65500,74.31,2021-11-15
2021-11-26,116.6,127.3,132.38,173.17,67000,74.88,2021-11-22
2021-12-03,109.3,116.0,130.35,172.96,64200,75.18,2021-11-29
2021-12-10,106.23,119.25,132.42,171.4,65700,75.79,2021-12-06
2021-12-17,107.3,122.4,134.65,171.23,66800,76.09,2021-12-13
2021-12-23,109.12,121.6,135.15,171.08,67000,75.25,2021-12-20
2021-12-31,112.6,127.2,137.66,170.87,71000,74.35,2021-12-27
2022-01-06,115.12,127.2,139.1,180.81,74000,74.31,2022-01-03
2022-01-14,119.7,130.45,140.29,181.6,74800,74.16,2022-01-10
2022-01-21,120.75,136.7,141.96,184.38,76000,74.43,2022-01-17
2022-01-28,123.76,135.85,142.37,186.7,77000,75.05,2022-01-24
2022-02-04,126.74,141.5,141.55,187.27,78500,74.87,2022-01-31
2022-02-11,125.28,139.7,142.38,187.68,79500,75.38,2022-02-07
2022-02-18,122.99,135.7,142.82,186.46,78800,74.67,2022-02-14
2022-02-25,122.12,135.2,143.11,186.18,77500,75.3,2022-02-21
2022-03-04,120.2,135.55,143.49,182.36,77000,76.17,2022-02-28
2022-03-10,116.86,134.05,144.4,180.51,77500,76.31,2022-03-07
2022-03-18,126.86,138.5,143.57,180.49,82000,75.81,2022-03-14
2022-03-25,135.9,147.75,144.07,180.48,90000,76.21,2022-03-21
2022-04-01,134.55,152.3,145.02,188.35,92500,75.8,2022-03-28
2022-04-08,132.41,150.05,144.22,191.81,94000,75.91,2022-04-04
2022-04-15,141.98,159.9,144.36,195.14,96500,76.19,2022-04-11
2022-04-22,139.46,156.5,141.66,195.18,97000,76.49,2022-04-18
2022-04-29,152.33,166.05,138.14,195.15,99000,76.44,2022-04-25
2022-05-06,146.87,167.45,137.78,202.4,99000,76.93,2022-05-02
2022-05-13,145.2,164.2,133.92,201.87,104000,77.45,2022-05-09
2022-05-20,142.27,166.2,133.83,204.09,105000,77.55,2022-05-16
2022-05-27,139.42,158.7,131.6,204.07,104000,77.58,2022-05-23
2022-06-03,138.18,156.95,131.84,199.32,102000,77.64,2022-05-30
2022-06-10,145.06,164.55,129.68,202.2,102000,77.85,2022-06-06
2022-06-17,143.45,161.3,126.36,201.07,102000,78.08,2022-06-13
2022-06-24,103.76,144.3,116.95,197.21,92000,78.35,2022-06-20
2022-07-01,103.94,139.3,111.3,189.9,91500,78.98,2022-06-27
2022-07-08,102.61,132.2,107.07,182.11,91000,79.26,2022-07-04
2022-07-15,88.71,121.75,99.43,175.69,85000,79.88,2022-07-11
2022-07-22,90.89,128.3,95.75,174.93,86000,79.96,2022-07-18
2022-07-29,96.74,131.4,95.83,173.72,91000,79.27,2022-07-25
2022-08-05,96.13,113.1,94.98,174.31,93000,79.25,2022-08-01
2022-08-12,108.59,122.75,95.03,175.45,98000,79.66,2022-08-08
2022-08-19,116.01,131.0,95.95,177.05,100000,79.79,2022-08-15
2022-08-26,117.68,132.25,95.03,176.97,99000,79.88,2022-08-22
2022-09-02,103.21,126.6,94.16,176.49,95000,79.81,2022-08-29
2022-09-09,104.84,122.4,93.02,176.45,89000,79.59,2022-09-05
2022-09-16,99.29,121.75,93.03,176.45,83000,79.75,2022-09-12
2022-09-23,92.54,114.85,90.86,175.91,74000,81.0,2022-09-19
2022-09-30,85.34,103.8,88.56,165.23,68000,81.36,2022-09-26
2022-10-07,84.23,101.3,88.56,165.23,68000,82.41,2022-10-03
2022-10-14,83.15,102.6,91.09,161.99,69000,82.37,2022-10-10
2022-10-21,79.13,95.0,90.65,157.9,68500,82.7,2022-10-17
2022-10-28,72.11,92.5,89.14,156.84,64500,82.48,2022-10-24
2022-11-04,86.93,100.1,86.61,155.52,66500,82.45,2022-10-31
2022-11-11,87.99,103.55,86.44,155.2,69000,80.82,2022-11-07
2022-11-18,85.16,104.05,86.61,155.1,69000,81.76,2022-11-14
2022-11-25,81.34,101.35,86.21,156.35,69000,81.69,2022-11-21
2022-12-02,84.85,102.9,85.15,155.03,68500,81.23,2022-11-28
2022-12-09,81.34,101.35,86.21,156.32,69000,81.69,2022-12-05
2022-12-16,81.92,98.5,87.78,152.9,65500,82.87,2022-12-12
2022-12-23,84.08,101.55,87.74,152.82,61000,82.71,2022-12-19
2022-12-30,83.37,99.25,87.6,153.05,60500,82.74,2022-12-26
2023-01-06,85.68,99.5,89.12,150.56,63800,82.73,2023-01-02
2023-01-13,82.29,97.85,91.67,150.65,62500,81.34,2023-01-09
2023-01-20,86.7,99.1,92.34,150.73,62800,81.13,2023-01-16
2023-01-27,86.89,102.4,92.34,150.73,62600,81.53,2023-01-23
2023-02-03,85.43,101.7,95.92,151.52,62300,82.84,2023-01-30
2023-02-10,85.27,100.85,94.55,151.63,62600,82.51,2023-02-06
2023-02-17,80.25,97.35,92.28,151.52,63300,82.84,2023-02-13
2023-02-24,85.13,97.35,90.98,151.46,63000,82.76,2023-02-20
2023-03-03,84.17,98.4,91.34,151.33,63300,81.98,2023-02-27
2023-03-10,78.18,96.55,90.63,149.05,62000,82.05,2023-03-06
2023-03-17,77.83,93.55,89.91,148.92,61200,82.56,2023-03-13
2023-03-23,77.58,92.8,89.94,148.82,60700,82.27,2023-03-20
2023-03-30,83.5,96.7,89.81,148.24,61500,82.34,2023-03-27
2023-04-07,83.2,94.85,91.06,148.05,63200,81.9,2023-04-03
2023-04-14,82.86,96.85,91.54,147.98,63200,81.86,2023-04-10
2023-04-21,78.41,93.3,91.96,147.98,62400,82.1,2023-04-17
2023-04-28,79.03,93.15,92.67,147.98,61600,81.84,2023-04-24
2023-05-05,83.9,94.2,94.29,140.92,62000,81.81,2023-05-01
2023-05-12,80.53,91.85,94.1,140.65,59000,82.117,2023-05-08
2023-05-19,86.72,97.5,93.35,140.65,59400,82.67,2023-05-15
2023-05-26,83.35,90.65,93.72,140.65,56800,82.58,2023-05-22
2023-06-02,86.05,93.6,94.36,140.65,58500,82.42,2023-05-29
2023-06-09,84.04,94.15,98.33,140.65,58300,82.47,2023-06-05
2023-06-16,84.04,94.15,98.33,140.65,58300,82.47,2023-06-12
2023-06-23,78.06,91.7,97.96,139.44,56500,82.04,2023-06-19
2023-06-30,82.84,90.25,97.53,139.44,56200,82.05,2023-06-26
2023-07-07,81.31,90.85,97.92,137.03,56000,82.75,2023-07-03
2023-07-14,82.66,91.9,100.7,135.83,55800,82.17,2023-07-10
2023-07-21,85.08,94.35,102.08,136.64,57000,81.96,2023-07-17
2023-07-28,85.06,94.9,102.45,136.69,58000,82.26,2023-07-24
2023-08-04,85.27,95.6,102.45,136.86,58500,82.85,2023-07-31
2023-08-11,87.29,95.9,102.45,136.9,59500,82.71,2023-08-07
2023-08-18,84.32,94.1,102.41,136.92,61000,83.11,2023-08-14
2023-08-25,87.51,96.1,101.77,139.35,60600,82.66,2023-08-21
2023-09-01,89.61,98.05,103.34,139.46,61200,82.72,2023-08-28
2023-09-08,84.41,95.9,102.23,139.46,61300,82.95,2023-09-04
2023-09-15,85.39,98.5,102.42,139.46,61700,83.19,2023-09-11
2023-09-22,84.04,96.95,102.11,139.46,61300,82.95,2023-09-18
2023-09-29,86.86,98.85,102.46,139.46,60500,83.05,2023-09-25
2023-10-07,86.85,96.65,102.46,139.74,59500,83.25,2023-10-02
2023-10-13,86.06,95.25,102.2,139.68,58200,83.27,2023-10-09
2023-10-20,82.4,94.95,100.1,138.92,57500,83.13,2023-10-16
2023-10-27,84.38,95.0,97.8,139.04,58200,83.25,2023-10-23
2023-11-03,79.62,91.8,96.32,138.58,57200,83.29,2023-10-30
2023-11-10,77.32,89.05,95.96,137.35,56500,83.29,2023-11-06
2023-11-17,78.92,90.9,95.45,136.64,57000,83.24,2023-11-13
2023-11-24,80.39,90.9,94.49,136.31,56300,83.38,2023-11-20
2023-12-01,78.42,90.3,93.45,135.58,55800,83.3,2023-11-27
2023-12-08,81.44,92.7,93.25,135.31,56300,83.39,2023-12-04
2023-12-15,80.81,91.3,92.92,134.77,55600,83.33,2023-12-11
2023-12-22,79.76,89.4,92.8,134.83,55500,83.27,2023-12-18
2023-12-29,81.0,91.4,93.94,134.83,55600,83.21,2023-12-25
2024-01-05,80.19,90.4,94.41,134.87,55500,83.17,2024-01-01
2024-01-11,81.36,90.4,94.18,135.9,55300,83.17,2024-01-08
2024-01-19,83.95,91.95,95.32,136.54,55200,83.13,2024-01-15
2024-01-26,84.37,94.85,95.73,137.26,56200,83.12,2024-01-22
2024-02-02,87.11,95.25,96.52,137.37,55800,82.93,2024-01-29
2024-02-09,91.78,97.4,96.78,137.37,56500,83.04,2024-02-05
2024-02-16,93.87,102.35,96.78,137.37,57800,83.02,2024-02-12
2024-02-23,94.93,101.5,97.58,137.6,57800,82.95,2024-02-19
2024-03-01,97.56,105.95,98.21,140.77,61500,82.92,2024-02-26
2024-03-08,95.28,104.95,98.54,140.74,62500,82.82,2024-03-04
2024-03-15,93.94,98.45,97.93,140.7,62300,82.89,2024-03-11
2024-03-22,91.53,96.9,97.73,140.62,61500,83.43,2024-03-18
2024-03-29,91.38,95.6,97.31,140.54,61000,83.41,2024-03-25
2024-04-05,86.25,92.6,98.29,140.61,60800,83.5,2024-04-01
2024-04-11,83.37,91.4,98.41,140.59,60500,83.19,2024-04-08
2024-04-19,78.69,86.55,97.12,138.71,59000,83.48,2024-04-15
2024-04-26,79.4,86.7,95.71,138.65,59000,83.35,2024-04-22
2024-05-03,77.36,83.25,95.46,138.62,57800,83.44,2024-04-29
2024-05-10,77.31,86.4,94.45,138.54,58300,83.5,2024-05-06
2024-05-17,75.89,84.85,92.86,138.48,58000,83.34,2024-05-13
2024-05-24,80.52,90.85,94.14,138.45,57700,83.29,2024-05-20
2024-05-31,76.15,86.8,93.59,138.42,57500,83.35,2024-05-27
2024-06-07,73.84,84.65,93.0,138.27,57300,83.39,2024-06-03
2024-06-14,70.97,81.85,92.04,138.67,57300,83.57,2024-06-10
2024-06-21,68.19,82.7,89.8,138.51,57200,83.55,2024-06-17
2024-06-28,69.81,84.7,90.15,138.04,59000,83.39,2024-06-24
2024-07-05,69.48,82.75,89.86,137.99,59000,83.5,2024-07-01
2024-07-12,71.27,81.5,89.26,137.95,59000,83.54,2024-07-08
2024-07-19,70.7,82.2,89.49,137.95,58500,83.67,2024-07-15
2024-07-26,68.9,79.05,88.21,137.25,57800,83.71,2024-07-22
2024-08-02,68.25,79.35,87.69,137.2,57600,83.75,2024-07-29
2024-08-09,68.34,78.7,84.2,137.1,57300,83.96,2024-08-05
2024-08-16,67.24,78.6,83.95,136.94,57300,83.96,2024-08-12
2024-08-23,70.91,80.75,84.56,136.88,57700,83.91,2024-08-19
2024-08-29,69.92,79.95,85.24,137.09,59000,83.87,2024-08-26
2024-09-06,67.88,80.8,85.29,137.07,60200,83.99,2024-09-02
2024-09-12,70.38,81.1,84.47,137.05,60100,83.98,2024-09-09
2024-09-20,73.52,84.55,86.22,137.06,60100,83.58,2024-09-16
2024-09-27,72.72,84.65,88.76,137.13,60100,83.65,2024-09-23
2024-10-04,73.27,84.35,89.13,137.39,58800,83.82,2024-09-30
2024-10-10,72.66,84.0,88.48,137.43,57300,83.97,2024-10-07
2024-10-18,70.99,82.35,88.07,137.4,56700,84.07,2024-10-14
2024-10-25,70.66,83.25,88.35,137.41,56400,84.08,2024-10-21
2024-11-01,70.17,81.7,88.09,137.38,56000,84.09,2024-10-28
2024-11-08,71.05,82.0,87.24,137.27,55500,84.38,2024-11-04
2024-11-14,68.32,81.35,86.74,137.25,55000,84.39,2024-11-11
2024-11-22,71.65,80.95,86.39,137.18,55000,84.46,2024-11-18
2024-11-29,70.75,82.0,86.37,137.09,55500,84.5,2024-11-25
2024-12-06,70.11,81.35,86.12,136.83,54700,84.74,2024-12-02
2024-12-13,69.27,80.25,84.94,136.8,54200,84.8,2024-12-09
2024-12-20,68.06,78.15,82.68,136.77,53700,85.03,2024-12-16
2024-12-27,68.75,79.6,82.84,136.77,54000,85.28,2024-12-23
2025-01-03,67.66,79.05,82.75,136.77,54800,85.77,2024-12-30
2025-01-10,68.5,78.7,82.45,136.76,55000,85.87,2025-01-06
2025-01-17,67.6,77.25,82.98,136.75,54600,86.56,2025-01-13
2025-01-24,67.61,77.9,83.08,136.77,54600,86.47,2025-01-20
2025-01-31,65.88,77.3,83.13,136.77,54000,86.83,2025-01-27
2025-02-07,65.63,77.4,83.42,136.77,54000,86.47,2025-02-03
2025-02-14,67.11,78.55,83.86,136.39,54200,86.84,2025-02-10
2025-02-21,66.08,78.05,84.37,136.48,54400,86.72,2025-02-17
2025-02-28,65.2,77.5,84.08,136.5,54200,87.21,2025-02-24
2025-03-07,66.07,76.95,83.78,136.48,53600,86.89,2025-03-03
2025-03-14,67.37,78.4,84.05,136.48,54000,87.14,2025-03-10
2025-03-21,65.27,78.25,84.04,135.89,55200,85.98,2025-03-17
2025-03-27,67.07,77.9,83.89,135.87,55500,85.79,2025-03-24
2025-04-04,63.36,76.7,83.7,135.85,55800,85.23,2025-03-31
2025-04-11,65.89,78.3,80.19,135.05,55800,86.06,2025-04-07
2025-04-16,65.79,77.25,80.0,135.01,55600,85.69,2025-04-14
2025-04-23,68.75,78.55,79.9,134.97,55600,85.43,2025-04-21
2025-04-30,65.77,78.0,79.55,134.87,55950,84.5,2025-04-28
2025-05-07,67.38,78.0,79.45,134.82,55950,84.84,2025-05-05
2025-05-14,65.48,78.0,81.41,134.82,55950,85.29,2025-05-12
2025-05-21,66.07,78.25,84.81,134.35,55800,85.65,2025-05-19
2025-05-28,65.33,77.95,84.95,134.32,55800,85.37,2025-05-26
2025-06-04,64.99,78.25,81.83,134.24,55600,85.91,2025-06-02
2025-06-11,65.47,79.4,83.31,134.24,55100,85.52,2025-06-09
2025-06-18,64.84,78.3,83.67,134.24,54800,86.48,2025-06-16
2025-06-25,66.44,78.65,84.23,134.24,54450,86.1,2025-06-23
2025-07-03,68.46,79.4,85.81,134.32,55450,85.32,2025-06-30
2025-07-11,67.42,78.45,86.46,134.34,56700,85.81,2025-07-07
2025-07-18,68.68,79.5,88.03,134.34,56000,86.17,2025-07-14
2025-07-25,68.23,79.2,88.02,134.55,57700,86.41,2025-07-21
2025-08-01,66.36,78.5,86.53,134.53,57700,87.55,2025-07-28
2025-08-07,66.43,78.0,86.52,134.53,57700,87.71,2025-08-04
2025-08-15,67.54,79.0,87.06,134.58,57700,87.57,2025-08-11
2025-08-22,68.01,78.9,86.66,134.58,56600,87.53,2025-08-18
2025-08-29,66.54,78.7,87.82,134.58,56100,88.22,2025-08-25
2025-09-04,66.2,77.5,87.56,134.58,55600,88.16,2025-09-01
2025-09-11,66.72,78.05,87.18,134.66,55700,88.45,2025-09-08
2025-09-18,66.9,78.65,87.07,134.66,55700,88.14,2025-09-15
2025-09-25,66.88,77.7,85.82,134.6,55700,88.68,2025-09-22
2025-10-03,62.86,76.45,84.81,134.62,55700,88.7,2025-09-29
2025-10-10,63.84,76.05,84.52,134.6,55500,88.7,2025-10-06
2025-10-16,63.73,75.1,84.06,134.6,54800,87.83,2025-10-13
2025-10-24,64.2,75.55,84.54,133.89,54300,87.86,2025-10-20
2025-10-31,65.54,76.45,84.77,133.88,54000,88.78,2025-10-27
2025-11-07,63.62,75.85,84.88,133.91,54000,88.66,2025-11-03
2025-11-14,62.49,74.7,84.65,133.89,53400,88.64,2025-11-10
2025-11-20,61.68,74.0,84.53,133.89,53400,88.71,2025-11-17
2025-11-28,62.91,74.95,85.32,133.93,53400,89.47,2025-11-24
2025-12-05,63.93,74.2,85.7,134.05,53400,90.0,2025-12-01
2025-12-12,63.83,73.95,86.3,134.07,53400,90.43,2025-12-08
2025-12-19,63.75,73.3,87.15,134.08,53600,89.32,2025-12-15
2025-12-24,64.24,74.0,87.85,134.08,54000,89.79,2025-12-22
2026-01-02,64.01,74.3,89.75,134.08,54800,90.2,2025-12-29
2026-01-09,64.41,74.45,91.18,134.08,55700,90.17,2026-01-05
2026-01-16,64.66,74.8,91.69,134.08,56200,90.87,2026-01-12
2026-01-23,63.81,74.05,92.48,134.08,56700,91.97,2026-01-19
