time,temperature_2m_max,temperature_2m_min,temperature_2m_mean,precipitation_sum,relative_humidity_2m_mean,et0_fao_evapotranspiration,shortwave_radiation_sum
2019-08-24,36.2,26.4,31.2,0.2,68,5.09,20.31
2019-08-25,33.8,27.2,30.1,0.9,77,4.03,15.74
2019-08-26,34.0,26.9,29.9,2.1,75,4.51,18.63
2019-08-27,35.2,26.6,31.0,0.6,73,4.79,19.68
2019-08-28,36.8,27.6,32.5,0.0,66,5.57,20.64
2019-08-29,36.7,28.9,32.5,0.2,65,5.59,20.33
2019-08-30,36.5,28.8,32.6,0.5,65,4.89,18.99
2019-08-31,36.4,28.0,32.2,3.0,67,4.34,17.67
2019-09-01,36.2,27.1,30.6,7.7,76,4.46,17.78
2019-09-02,36.5,27.2,31.5,0.1,69,4.77,19.18
2019-09-03,36.0,28.6,32.4,0.7,64,4.26,16.99
2019-09-04,36.5,28.5,32.8,0.4,63,4.51,15.49
2019-09-05,36.0,27.6,32.0,1.0,68,4.98,18.3
2019-09-06,36.5,28.9,32.5,0.5,64,5.12,18.69
2019-09-07,35.8,29.2,32.4,0.4,65,4.74,16.18
2019-09-08,37.0,28.1,32.4,0.4,64,5.36,19.58
2019-09-09,40.0,28.5,33.9,0.0,55,6.11,20.91
2019-09-10,40.7,29.5,34.5,0.0,52,6.43,21.2
2019-09-11,42.0,29.7,35.4,0.0,49,6.55,21.32
2019-09-12,42.0,30.8,35.0,0.0,54,6.72,20.77
2019-09-13,39.3,29.0,33.6,0.0,60,5.95,19.11
2019-09-14,37.9,29.2,33.0,0.0,58,6.09,19.47
2019-09-15,36.8,28.1,32.5,0.0,60,5.43,18.93
2019-09-16,39.8,28.0,33.7,0.0,54,5.78,19.45
2019-09-17,38.7,30.1,33.4,0.5,56,5.73,18.57
2019-09-18,36.0,29.1,31.2,1.8,64,5.07,17.52
2019-09-19,34.0,26.5,29.9,0.0,64,5.5,19.18
2019-09-20,33.4,25.5,29.1,0.3,67,4.45,17.45
2019-09-21,33.7,26.2,29.6,3.5,67,4.22,16.97
2019-09-22,32.8,26.6,29.3,2.3,68,4.3,16.59
2019-09-23,33.5,25.1,29.3,0.1,64,4.82,18.41
2019-09-24,34.7,25.5,29.7,0.3,62,5.04,18.43
2019-09-25,35.0,26.1,30.4,0.0,62,5.36,18.35
2019-09-26,33.8,25.5,29.8,3.6,66,4.57,15.42
2019-09-27,34.3,26.0,29.8,0.0,62,4.94,17.11
2019-09-28,34.1,25.0,29.1,0.3,64,4.92,17.6
2019-09-29,32.0,24.9,27.7,0.1,69,3.86,14.04
2019-09-30,32.5,24.2,27.8,0.0,70,3.83,16.72
2019-10-01,33.0,23.6,28.2,0.0,66,4.49,17.47
2019-10-02,32.9,24.0,28.7,1.5,66,3.83,15.53
2019-10-03,35.6,24.5,28.7,2.4,64,3.94,17.14
2019-10-04,33.0,23.1,27.0,1.2,66,3.91,15.12
2019-10-05,34.2,23.0,28.0,0.0,52,4.74,16.71
2019-10-06,34.8,22.6,28.4,0.0,47,5.27,17.15
2019-10-07,34.0,24.4,28.4,0.0,51,4.88,16.07
2019-10-08,33.0,21.9,27.5,0.0,47,4.9,18.46
2019-10-09,33.7,22.2,27.7,0.0,43,4.31,15.29
2019-10-10,33.2,20.9,27.0,0.0,48,4.65,17.96
2019-10-11,34.0,20.8,27.5,0.0,47,4.68,17.0
2019-10-12,33.5,21.2,27.7,0.0,52,4.25,15.59
2019-10-13,34.6,22.1,28.0,0.0,49,4.74,16.35
2019-10-14,34.8,22.0,27.8,0.0,48,4.45,17.13
2019-10-15,35.1,22.5,28.3,0.0,47,4.39,16.32
2019-10-16,35.2,22.6,28.4,0.0,50,4.3,15.9
2019-10-17,34.5,23.0,28.0,0.0,53,4.43,15.49
2019-10-18,32.8,23.0,26.2,1.2,62,4.16,14.32
2019-10-19,32.5,20.9,25.8,0.0,58,4.21,15.9
2019-10-20,32.8,19.2,25.6,0.0,50,4.59,16.89
2019-10-21,31.8,19.5,25.1,0.0,52,4.62,16.89
2019-10-22,32.2,17.7,24.7,0.0,49,4.69,16.88
2019-10-23,32.5,18.5,25.0,0.0,51,4.32,16.64
2019-10-24,32.1,19.0,25.2,0.0,52,3.95,14.98
2019-10-25,31.9,19.9,25.0,0.0,55,3.85,15.27
2019-10-26,31.1,18.5,24.4,0.0,57,3.89,16.04
2019-10-27,31.9,18.6,24.8,0.0,54,4.19,16.05
2019-10-28,31.5,17.6,24.9,0.0,57,3.61,15.78
2019-10-29,30.5,19.0,25.1,0.0,59,2.53,11.52
2019-10-30,31.8,20.7,25.7,0.0,58,3.22,12.36
2019-10-31,31.9,18.5,24.9,0.0,60,3.67,15.21
2019-11-01,31.5,18.8,25.0,0.0,59,3.67,14.14
2019-11-02,27.9,18.9,22.6,0.0,73,2.49,9.76
2019-11-03,28.0,18.0,22.9,0.0,71,2.69,11.11
2019-11-04,29.1,18.1,23.0,0.0,64,3.57,14.11
2019-11-05,29.8,17.1,22.5,0.0,60,3.74,14.81
2019-11-06,30.5,17.8,23.9,0.0,54,3.85,13.69
2019-11-07,24.8,18.4,20.8,7.1,74,2.28,9.03
2019-11-08,26.2,16.0,21.0,0.0,72,2.85,12.88
2019-11-09,27.1,16.0,20.6,0.0,62,3.35,14.35
2019-11-10,26.6,14.8,19.7,0.0,56,3.08,12.79
2019-11-11,25.3,14.1,18.5,0.0,57,2.9,12.75
2019-11-12,26.5,12.2,19.0,0.0,60,2.92,13.92
2019-11-13,26.8,14.6,20.0,0.0,68,2.33,10.63
2019-11-14,25.2,16.8,20.4,0.0,70,2.05,6.54
2019-11-15,26.5,16.9,20.9,0.1,71,2.45,10.17
2019-11-16,27.1,16.8,21.2,0.0,69,3.13,12.9
2019-11-17,26.9,16.4,20.7,0.0,67,3.26,13.37
2019-11-18,25.9,15.1,19.4,0.0,68,3.01,13.41
2019-11-19,26.0,13.8,19.3,0.0,70,2.84,13.32
2019-11-20,26.0,12.3,18.7,0.0,62,2.7,13.21
2019-11-21,26.3,13.5,19.6,0.0,63,2.65,11.37
2019-11-22,26.5,14.6,20.4,0.0,64,2.42,10.76
2019-11-23,26.6,16.1,20.6,0.8,61,2.67,10.47
2019-11-24,26.4,14.9,19.8,0.0,66,2.69,12.1
2019-11-25,25.6,14.3,19.5,0.0,67,2.49,12.59
2019-11-26,22.4,16.1,18.7,7.7,79,1.77,8.34
2019-11-27,22.1,14.9,18.1,13.2,85,1.83,9.49
2019-11-28,22.2,15.8,18.3,11.0,84,1.94,10.04
2019-11-29,21.9,15.3,17.8,3.2,84,1.67,9.01
2019-11-30,21.6,13.0,16.8,0.0,76,2.02,11.2
2019-12-01,21.9,9.8,15.0,0.0,74,2.28,12.72
2019-12-02,22.8,9.9,15.2,0.0,67,2.62,12.77
2019-12-03,23.5,9.1,14.8,0.0,62,2.7,12.87
2019-12-04,23.2,8.1,15.5,0.0,64,2.27,12.51
2019-12-05,22.0,8.1,14.3,0.0,75,2.1,11.84
2019-12-06,21.0,8.3,14.0,0.0,80,1.91,10.97
2019-12-07,22.6,9.0,14.8,0.0,79,2.16,12.32
2019-12-08,22.4,10.2,14.9,0.0,73,2.25,12.44
2019-12-09,21.9,9.6,15.0,0.0,69,2.17,12.23
2019-12-10,21.9,8.3,14.8,0.0,68,2.21,12.29
2019-12-11,21.5,7.8,14.8,0.0,72,1.95,9.55
2019-12-12,18.5,13.6,15.6,3.4,78,1.21,3.64
2019-12-13,18.1,11.0,14.6,1.9,80,1.87,10.33
2019-12-14,18.6,8.8,13.1,0.0,79,1.88,11.11
2019-12-15,18.4,9.0,13.0,0.1,78,1.98,11.93
2019-12-16,18.2,8.2,12.2,0.0,77,2.01,12.23
2019-12-17,18.9,6.9,11.7,0.0,80,1.94,12.05
2019-12-18,18.4,7.1,11.3,0.0,81,1.88,11.88
2019-12-19,18.2,5.8,11.3,0.0,82,1.7,10.84
2019-12-20,19.1,7.3,12.9,0.3,80,1.77,10.55
2019-12-21,19.9,8.4,13.2,0.2,81,1.99,12.07
2019-12-22,19.2,7.3,12.3,0.0,83,1.98,12.16
2019-12-23,18.2,6.4,11.3,0.0,83,1.72,11.11
2019-12-24,15.8,5.1,8.9,0.0,91,1.38,9.54
2019-12-25,15.1,3.9,7.6,0.0,87,1.51,10.78
2019-12-26,15.8,2.5,7.9,0.0,84,1.8,12.48
2019-12-27,14.5,2.5,7.4,0.0,86,1.54,11.02
2019-12-28,14.6,2.4,7.1,0.0,88,1.5,10.75
2019-12-29,13.4,2.2,6.1,0.0,90,1.42,10.48
2019-12-30,13.4,2.7,6.6,0.0,90,1.3,9.69
2019-12-31,12.4,2.9,6.0,0.0,85,1.41,10.98
2020-01-01,17.2,1.3,8.6,0.0,76,1.93,11.78
2020-01-02,19.8,5.2,12.1,0.0,77,2.12,12.29
2020-01-03,20.0,7.1,13.0,0.0,79,2.05,11.9
2020-01-04,19.9,8.8,13.5,0.0,72,2.12,12.02
2020-01-05,19.4,7.1,13.5,0.0,72,1.87,9.82
2020-01-06,15.4,11.8,13.2,0.5,78,0.99,3.35
2020-01-07,18.6,10.4,14.0,2.3,84,1.22,6.62
2020-01-08,16.0,7.7,12.4,0.7,86,1.17,6.45
2020-01-09,16.2,5.4,9.7,0.0,78,2.02,12.96
2020-01-10,17.3,5.4,9.8,0.0,73,2.24,13.41
2020-01-11,18.4,4.3,11.0,0.0,67,2.19,12.33
2020-01-12,20.2,6.7,12.6,0.0,69,2.23,12.62
2020-01-13,18.8,10.0,13.4,10.7,81,1.29,5.26
2020-01-14,16.6,5.0,9.8,0.0,85,1.87,12.53
2020-01-15,17.1,4.1,10.0,0.0,77,2.11,13.54
2020-01-16,15.9,6.9,11.0,0.0,76,1.5,8.71
2020-01-17,18.4,5.7,11.2,0.0,81,2.11,13.26
2020-01-18,17.2,7.2,11.6,0.3,86,1.6,10.33
2020-01-19,17.6,5.7,10.3,0.0,84,1.96,12.63
2020-01-20,17.6,6.2,11.7,0.6,81,1.74,10.59
2020-01-21,17.6,6.9,11.5,0.2,86,1.43,8.67
2020-01-22,19.0,6.8,11.8,0.0,76,2.38,13.64
2020-01-23,18.5,7.2,12.0,0.0,66,2.78,14.56
2020-01-24,20.0,7.3,12.5,0.0,58,3.01,14.46
2020-01-25,18.8,5.8,12.4,0.0,74,1.95,11.36
2020-01-26,21.3,8.0,13.6,0.0,76,2.42,14.21
2020-01-27,16.9,10.0,13.1,5.3,85,1.11,5.33
2020-01-28,19.1,10.2,13.6,14.5,83,1.74,10.65
2020-01-29,18.5,7.1,11.9,0.0,80,2.25,13.98
2020-01-30,18.5,7.2,12.0,0.0,78,2.4,14.71
2020-01-31,17.8,5.8,11.3,0.0,76,2.35,14.77
2020-02-01,18.1,5.2,11.2,0.0,75,2.34,14.09
2020-02-02,18.6,5.2,11.1,0.0,75,2.55,15.65
2020-02-03,19.1,5.3,12.4,0.0,69,2.48,15.8
2020-02-04,20.5,6.9,13.3,0.0,72,2.64,14.64
2020-02-05,18.8,7.8,12.3,0.0,71,2.62,15.57
2020-02-06,18.4,5.7,11.7,0.0,70,2.53,15.97
2020-02-07,19.1,7.1,12.4,0.3,69,2.69,15.37
2020-02-08,20.0,5.7,12.4,0.0,70,2.82,16.32
2020-02-09,20.6,6.1,13.1,0.0,70,2.77,16.26
2020-02-10,21.0,6.6,13.4,0.0,69,2.89,16.68
2020-02-11,21.0,6.7,13.2,0.0,70,2.89,16.66
2020-02-12,24.5,8.2,15.9,0.0,66,3.4,16.34
2020-02-13,26.5,11.9,18.3,0.0,58,4.07,16.69
2020-02-14,24.9,12.6,18.0,0.0,49,4.64,17.37
2020-02-15,26.0,11.1,17.0,0.0,43,4.6,17.73
2020-02-16,26.6,9.6,16.8,0.0,53,3.88,17.85
2020-02-17,26.4,8.9,17.0,0.0,52,4.05,18.13
2020-02-18,26.5,9.6,17.3,0.0,47,4.21,18.2
2020-02-19,27.8,10.6,18.7,0.0,52,4.97,16.95
2020-02-20,26.8,14.4,19.7,14.5,61,4.46,16.23
2020-02-21,19.8,12.9,15.9,2.9,84,2.14,12.0
2020-02-22,23.4,11.9,17.5,0.0,76,2.89,15.0
2020-02-23,24.0,13.0,17.9,0.2,76,3.23,17.1
2020-02-24,24.5,11.6,17.9,0.0,73,3.39,17.71
2020-02-25,25.5,11.6,18.2,0.0,69,3.49,17.51
2020-02-26,26.3,12.1,18.7,0.0,68,3.58,18.5
2020-02-27,26.8,14.3,20.0,0.0,71,3.74,17.8
2020-02-28,27.2,17.7,21.5,0.0,69,4.15,16.68
2020-02-29,24.5,16.7,19.7,0.7,74,3.47,16.1
2020-03-01,25.4,14.8,19.5,0.1,77,3.38,17.78
2020-03-02,26.3,14.1,20.0,0.0,71,3.68,18.16
2020-03-03,26.5,14.1,20.0,0.0,65,3.58,17.11
2020-03-04,27.5,14.0,19.5,0.6,71,3.61,17.91
2020-03-05,23.8,14.9,17.8,9.9,81,2.89,15.13
2020-03-06,19.6,12.2,15.8,17.9,87,1.58,8.38
2020-03-07,20.5,12.7,15.8,1.0,80,2.54,14.25
2020-03-08,23.3,11.4,16.3,0.0,79,3.52,19.6
2020-03-09,23.9,11.1,16.5,0.0,69,4.01,21.18
2020-03-10,24.0,10.4,17.3,0.5,66,3.75,20.62
2020-03-11,23.8,15.2,18.5,13.2,72,3.28,14.45
2020-03-12,25.5,12.4,18.1,0.0,68,3.88,17.32
2020-03-13,22.8,12.0,16.9,0.0,70,3.61,18.48
2020-03-14,21.0,11.2,15.3,0.0,77,3.22,18.07
2020-03-15,21.2,9.7,15.1,0.0,77,3.28,18.51
2020-03-16,24.4,12.1,17.8,0.0,72,3.86,20.42
2020-03-17,26.2,11.8,18.8,0.0,69,4.34,21.64
2020-03-18,28.0,15.8,21.2,0.0,63,4.41,20.72
2020-03-19,28.2,14.6,21.3,0.0,66,4.48,20.38
2020-03-20,30.0,14.8,21.8,0.4,65,4.21,18.76
2020-03-21,29.0,16.1,21.7,3.9,71,4.02,18.64
2020-03-22,29.2,14.7,22.4,0.0,63,4.78,20.72
2020-03-23,30.3,16.6,23.5,0.0,53,4.82,21.07
2020-03-24,29.6,19.5,23.6,0.6,60,3.36,12.05
2020-03-25,29.2,17.4,23.1,0.5,62,4.24,17.74
2020-03-26,28.4,18.5,23.4,0.1,61,3.4,12.36
2020-03-27,23.8,16.7,20.3,16.1,81,2.15,9.63
2020-03-28,27.3,14.1,20.8,0.0,67,4.52,21.46
2020-03-29,29.0,14.8,22.0,0.0,57,5.2,21.25
2020-03-30,29.5,15.1,22.1,0.0,54,5.1,21.3
2020-03-31,28.4,15.8,21.9,0.0,60,3.53,12.15
2020-04-01,30.6,17.0,23.6,0.0,53,5.27,21.13
2020-04-02,30.2,17.3,23.6,0.0,50,6.03,22.17
2020-04-03,30.7,14.6,22.9,0.0,42,6.13,23.95
2020-04-04,32.1,15.4,23.9,0.0,45,5.65,22.74
2020-04-05,33.3,17.3,25.3,0.0,46,5.66,19.47
2020-04-06,34.1,18.5,26.3,0.0,44,6.33,23.02
2020-04-07,32.3,18.4,24.8,0.0,46,6.35,20.45
2020-04-08,31.8,18.6,24.8,0.0,42,6.43,23.7
2020-04-09,33.0,16.9,25.0,0.0,40,6.16,23.89
2020-04-10,34.8,18.8,26.5,0.0,42,6.15,22.38
2020-04-11,35.5,20.6,28.1,0.0,39,6.72,23.55
2020-04-12,35.8,20.4,28.4,0.0,37,6.59,23.58
2020-04-13,37.8,21.2,29.8,0.0,38,6.82,21.85
2020-04-14,38.9,22.4,31.0,0.0,34,6.67,21.74
2020-04-15,38.1,22.5,30.5,0.0,28,6.76,20.82
2020-04-16,38.2,24.7,31.3,0.0,27,8.04,22.29
2020-04-17,33.5,26.3,29.7,0.1,33,6.26,16.24
2020-04-18,34.3,22.5,27.9,0.0,41,6.41,20.25
2020-04-19,33.2,21.2,27.5,0.0,43,6.22,22.05
2020-04-20,32.1,21.1,26.1,0.2,44,5.1,18.15
2020-04-21,32.8,19.1,26.4,0.0,48,5.82,22.4
2020-04-22,34.8,19.9,27.9,0.0,36,6.17,24.17
2020-04-23,34.8,24.4,28.9,0.1,34,4.95,14.17
2020-04-24,35.9,21.4,29.2,0.0,38,5.68,21.9
2020-04-25,33.9,23.3,29.0,0.0,40,5.65,20.89
2020-04-26,34.5,22.9,27.9,0.8,52,5.54,19.38
2020-04-27,33.1,22.2,27.4,0.0,60,6.2,22.01
2020-04-28,33.7,22.6,27.9,0.0,54,5.72,20.7
2020-04-29,36.2,21.6,29.4,0.0,46,6.04,23.34
2020-04-30,37.5,24.3,30.0,0.0,45,6.08,21.41
2020-05-01,40.3,22.9,32.1,0.0,38,7.05,22.13
2020-05-02,38.8,26.4,31.3,0.8,48,7.77,21.35
2020-05-03,34.0,23.0,28.5,11.4,62,5.82,18.23
2020-05-04,32.9,21.4,27.0,0.0,66,5.03,21.58
2020-05-05,35.2,23.6,29.1,0.0,45,5.85,20.2
2020-05-06,35.7,21.5,28.5,0.1,44,6.02,21.24
2020-05-07,36.0,21.6,28.8,0.0,43,6.71,24.02
2020-05-08,37.8,22.5,30.5,0.0,38,6.6,23.89
2020-05-09,39.8,23.4,31.5,0.0,38,7.07,22.99
2020-05-10,38.4,24.9,30.4,0.2,48,6.59,20.29
2020-05-11,37.8,24.7,30.6,0.1,49,6.8,21.54
2020-05-12,37.0,23.6,30.6,0.0,45,6.28,22.84
2020-05-13,35.8,26.4,30.5,0.1,48,5.05,19.08
2020-05-14,36.1,25.0,30.6,1.4,50,5.96,20.09
2020-05-15,37.5,25.2,31.2,0.0,38,7.53,21.91
2020-05-16,38.0,24.4,31.5,0.0,35,7.47,23.45
2020-05-17,39.0,25.0,32.3,0.0,28,7.43,21.53
2020-05-18,38.9,23.8,32.1,0.0,24,7.59,22.99
2020-05-19,39.0,23.5,31.8,0.0,21,7.68,21.53
2020-05-20,38.5,23.5,31.5,0.0,24,8.75,24.53
2020-05-21,41.5,24.0,33.3,0.0,22,8.97,24.6
2020-05-22,43.5,25.1,35.0,0.0,22,7.79,23.92
2020-05-23,43.3,29.2,36.5,0.0,19,8.78,20.22
2020-05-24,42.3,27.1,35.7,0.0,21,9.01,22.54
2020-05-25,43.7,27.5,35.9,0.0,20,8.7,23.62
2020-05-26,44.5,27.8,36.6,0.0,17,9.31,22.53
2020-05-27,45.0,29.0,36.8,0.0,16,8.61,23.47
2020-05-28,41.8,30.2,35.7,0.0,28,8.92,19.47
2020-05-29,37.3,25.5,30.0,15.2,59,6.11,16.65
2020-05-30,32.0,23.5,27.3,18.9,71,3.68,14.14
2020-05-31,32.6,22.7,27.1,0.4,66,4.98,20.95
2020-06-01,33.2,22.0,27.5,0.0,66,4.71,20.22
2020-06-02,33.7,23.8,28.7,0.1,62,5.02,20.77
2020-06-03,35.0,24.2,29.5,0.0,59,5.14,21.3
2020-06-04,34.0,24.5,29.2,0.2,56,5.29,21.17
2020-06-05,33.8,24.0,29.0,0.0,59,5.08,21.05
2020-06-06,35.4,25.4,30.0,0.0,57,5.51,21.83
2020-06-07,35.8,26.6,30.7,0.2,57,5.64,21.54
2020-06-08,36.8,26.1,31.5,0.0,57,5.36,21.2
2020-06-09,39.5,27.1,33.2,0.0,49,6.15,21.66
2020-06-10,39.1,28.2,33.5,0.0,51,5.58,20.61
2020-06-11,39.0,27.8,33.6,0.0,52,5.63,21.19
2020-06-12,39.0,29.5,34.2,0.1,47,5.99,19.93
2020-06-13,37.9,29.9,33.6,0.3,51,5.7,19.08
2020-06-14,39.0,29.6,33.8,0.0,53,5.75,20.26
2020-06-15,40.2,28.5,34.3,0.0,44,6.32,20.83
2020-06-16,41.2,28.0,34.7,0.0,37,7.3,21.41
2020-06-17,41.2,29.1,34.8,0.0,42,7.1,21.34
2020-06-18,42.7,29.9,35.7,0.0,40,7.32,21.69
2020-06-19,42.9,30.2,36.8,0.0,37,8.28,20.77
2020-06-20,40.7,31.0,34.0,3.1,52,6.22,17.63
2020-06-21,39.5,29.0,34.1,0.0,47,6.28,19.99
2020-06-22,38.1,28.2,32.9,0.0,55,5.48,19.13
2020-06-23,37.6,29.4,33.4,0.0,55,6.63,20.17
2020-06-24,36.5,29.5,32.9,0.2,61,5.88,19.05
2020-06-25,38.4,28.4,33.0,0.0,61,5.58,20.63
2020-06-26,37.7,28.9,32.5,0.8,64,4.78,16.71
2020-06-27,39.5,29.2,34.0,0.0,57,5.71,17.68
2020-06-28,40.3,30.9,35.6,0.0,50,6.61,19.05
2020-06-29,40.4,30.9,35.7,0.0,48,6.62,18.85
2020-06-30,39.5,29.6,34.7,0.0,55,7.13,22.04
2020-07-01,40.2,30.5,35.2,0.2,51,6.59,21.66
2020-07-02,41.2,30.8,36.4,0.0,44,6.65,20.68
2020-07-03,42.9,31.5,37.0,0.0,43,6.73,18.05
2020-07-04,41.3,31.0,35.8,0.0,52,7.06,20.35
2020-07-05,36.0,26.4,31.4,4.1,62,6.41,21.53
2020-07-06,37.0,27.6,32.5,0.0,58,6.62,21.86
2020-07-07,36.4,28.7,31.7,1.0,62,6.15,19.13
2020-07-08,35.2,26.8,29.4,7.9,79,3.67,14.52
2020-07-09,35.1,27.3,31.0,10.1,75,3.66,15.41
2020-07-10,39.7,29.6,34.6,0.0,55,6.12,19.87
2020-07-11,39.1,28.0,34.0,0.0,53,6.7,20.79
2020-07-12,36.0,26.5,32.1,8.6,63,5.36,18.88
2020-07-13,36.8,27.0,32.1,0.0,64,5.17,19.54
2020-07-14,39.0,29.3,33.8,0.0,59,6.0,22.08
2020-07-15,38.2,30.0,33.6,0.0,61,6.51,22.08
2020-07-16,36.3,28.9,32.4,0.4,65,6.0,20.46
2020-07-17,36.2,29.8,32.9,0.4,64,5.75,19.26
2020-07-18,36.5,27.5,32.7,11.4,70,4.76,17.34
2020-07-19,37.8,28.0,31.7,36.9,74,5.03,18.75
2020-07-20,36.0,27.4,30.8,5.8,72,4.74,18.22
2020-07-21,33.0,26.5,29.0,10.0,77,3.54,14.44
2020-07-22,31.6,24.6,27.6,9.9,83,2.88,12.55
2020-07-23,34.9,25.0,29.8,0.0,74,4.98,21.73
2020-07-24,34.5,27.5,29.8,1.7,74,4.39,18.87
2020-07-25,33.2,26.9,30.2,0.3,73,4.74,19.26
2020-07-26,35.0,27.6,31.2,0.5,73,4.44,18.85
2020-07-27,35.4,28.4,31.7,1.3,70,4.92,18.94
2020-07-28,37.2,29.0,33.2,0.0,59,6.36,20.46
2020-07-29,38.5,29.5,32.9,0.5,60,6.44,20.66
2020-07-30,35.0,27.1,30.5,2.2,74,4.94,20.13
2020-07-31,35.3,26.6,30.6,10.2,74,4.25,17.96
2020-08-01,36.3,28.5,31.8,1.3,69,4.95,20.37
2020-08-02,37.8,29.0,33.0,0.3,62,5.94,20.85
2020-08-03,39.3,29.5,34.1,0.5,58,5.81,19.94
2020-08-04,39.7,31.2,34.7,0.0,54,6.52,21.52
2020-08-05,37.5,29.5,33.1,0.2,64,6.0,20.42
2020-08-06,37.5,29.6,33.1,0.3,61,7.46,20.56
2020-08-07,35.8,28.9,32.1,0.0,63,6.07,17.6
2020-08-08,35.8,29.2,32.3,0.1,67,4.6,18.24
2020-08-09,36.0,27.6,31.0,19.0,77,4.2,16.73
2020-08-10,33.9,26.8,29.9,15.6,83,3.84,16.92
2020-08-11,33.0,27.0,29.8,15.8,84,3.34,14.35
2020-08-12,35.4,27.1,31.0,2.7,76,4.97,20.34
2020-08-13,34.6,27.5,29.7,6.8,81,3.53,14.7
2020-08-14,32.2,26.0,28.9,3.7,81,4.02,17.43
2020-08-15,34.4,26.5,30.3,0.9,77,4.66,19.17
2020-08-16,34.1,27.9,30.8,1.5,77,4.28,17.71
2020-08-17,35.0,27.9,31.1,0.7,77,4.48,18.13
2020-08-18,34.7,27.0,30.4,6.0,79,4.18,17.83
2020-08-19,33.2,26.2,28.5,11.6,87,2.5,10.83
2020-08-20,31.0,25.1,27.3,14.5,89,2.92,13.46
2020-08-21,32.6,25.6,28.5,0.3,82,4.02,17.4
2020-08-22,33.5,26.5,29.6,0.0,73,5.28,21.0
2020-08-23,32.8,26.5,29.3,0.2,74,4.54,17.14
2020-08-24,32.0,26.4,28.9,1.3,76,4.39,17.28
2020-08-25,33.5,26.5,29.4,1.1,75,4.65,19.07
2020-08-26,33.5,26.4,29.6,1.7,72,4.26,16.56
2020-08-27,32.4,26.6,29.5,1.2,72,4.13,17.61
2020-08-28,34.1,27.2,30.2,0.1,70,4.84,19.85
2020-08-29,33.8,26.0,29.9,0.4,75,4.54,19.52
2020-08-30,32.7,27.3,29.4,1.3,73,5.0,18.71
2020-08-31,33.2,26.5,29.2,1.2,70,4.8,15.95
2020-09-01,33.6,26.1,29.3,0.8,70,4.17,14.97
2020-09-02,33.0,26.4,29.4,0.5,73,4.24,17.45
2020-09-03,33.2,26.0,28.4,24.5,83,3.19,14.2
2020-09-04,31.9,26.0,28.3,12.6,85,3.02,13.4
2020-09-05,32.0,25.5,28.4,7.8,85,3.31,15.18
2020-09-06,31.4,25.5,28.2,10.0,84,3.51,16.56
2020-09-07,33.6,25.8,29.5,0.4,78,4.07,18.49
2020-09-08,34.7,25.9,30.1,0.0,73,4.58,19.66
2020-09-09,35.9,26.9,30.6,0.2,70,4.97,20.01
2020-09-10,36.2,25.8,30.8,0.0,63,5.31,20.64
2020-09-11,37.0,26.1,31.0,0.0,59,5.48,21.23
2020-09-12,37.5,25.5,31.3,0.0,61,5.27,20.9
2020-09-13,37.0,25.4,31.1,0.0,61,5.42,21.68
2020-09-14,37.0,25.4,31.1,0.0,60,5.35,21.59
2020-09-15,37.7,25.7,31.8,0.0,58,5.31,20.66
2020-09-16,39.0,27.7,33.0,0.0,52,5.94,20.17
2020-09-17,38.6,28.5,33.1,0.0,54,5.85,19.14
2020-09-18,38.5,28.8,32.9,0.9,52,5.11,17.18
2020-09-19,37.2,28.2,32.5,0.0,53,4.98,18.86
2020-09-20,37.7,27.2,31.8,0.0,54,5.75,21.06
2020-09-21,37.2,25.9,31.7,0.0,48,5.9,20.62
2020-09-22,35.6,25.2,30.7,0.3,59,4.87,18.69
2020-09-23,35.5,27.1,30.8,1.6,66,4.38,16.88
2020-09-24,37.8,27.4,31.7,0.0,57,5.29,19.95
2020-09-25,38.0,25.5,31.2,0.0,52,5.5,18.64
2020-09-26,35.2,26.1,30.3,0.0,45,4.7,14.83
2020-09-27,36.8,25.0,30.1,0.0,49,5.4,19.38
2020-09-28,36.0,23.5,29.5,0.0,49,5.33,18.62
2020-09-29,35.3,23.1,29.0,0.0,48,5.24,17.87
2020-09-30,36.5,22.1,28.8,0.0,46,5.85,19.99
2020-10-01,37.1,22.5,29.2,0.0,47,5.27,19.76
2020-10-02,36.2,21.5,29.1,0.0,46,5.15,19.77
2020-10-03,35.5,21.9,28.4,0.0,38,5.3,20.01
2020-10-04,35.2,20.7,27.8,0.0,40,5.49,19.68
2020-10-05,36.3,21.1,28.0,0.0,41,6.06,19.67
2020-10-06,37.1,20.0,28.3,0.0,40,5.38,19.44
2020-10-07,37.0,20.5,28.6,0.0,37,5.62,19.33
2020-10-08,36.2,20.3,28.3,0.0,35,5.61,19.17
2020-10-09,35.9,19.8,28.0,0.0,36,5.25,18.91
2020-10-10,36.0,20.3,28.3,0.0,38,5.64,18.64
2020-10-11,36.2,20.3,28.0,0.0,34,5.81,18.66
2020-10-12,35.9,20.2,28.1,0.0,34,4.92,18.54
2020-10-13,34.8,20.5,27.6,0.0,53,4.84,17.86
2020-10-14,34.8,22.2,28.3,0.0,56,4.4,17.02
2020-10-15,34.9,21.1,27.6,0.0,38,5.21,18.06
2020-10-16,34.0,20.5,26.5,0.0,28,5.23,18.2
2020-10-17,34.5,18.5,26.6,0.0,34,4.88,17.63
2020-10-18,34.5,19.9,27.0,0.0,26,5.38,18.07
2020-10-19,34.5,18.3,26.0,0.0,24,5.64,17.93
2020-10-20,34.3,18.0,25.9,0.0,24,5.29,17.71
2020-10-21,34.0,20.5,26.6,0.0,27,4.9,13.29
2020-10-22,33.5,20.5,26.5,0.0,33,4.79,15.37
2020-10-23,33.2,18.2,25.3,0.0,32,4.43,17.0
2020-10-24,33.0,18.2,25.1,0.0,34,4.51,16.9
2020-10-25,33.8,17.1,25.5,0.0,33,4.47,16.17
2020-10-26,32.9,19.1,25.8,0.0,32,4.83,15.4
2020-10-27,31.4,16.1,23.4,0.0,30,4.86,16.76
2020-10-28,31.2,14.5,23.0,0.0,34,4.05,16.51
2020-10-29,31.4,14.6,23.5,0.0,34,4.17,16.22
2020-10-30,31.2,15.0,23.4,0.0,33,4.73,16.16
2020-10-31,31.5,15.4,23.0,0.0,31,5.27,16.33
2020-11-01,30.5,13.4,21.8,0.0,23,5.25,16.2
2020-11-02,30.4,12.5,22.0,0.0,26,4.46,16.05
2020-11-03,30.0,11.8,21.4,0.0,28,4.14,15.85
2020-11-04,31.1,14.2,22.3,0.0,31,4.62,15.39
2020-11-05,31.1,13.3,22.4,0.0,32,4.07,15.4
2020-11-06,31.4,14.7,23.0,0.0,35,3.81,15.26
2020-11-07,30.9,13.6,22.1,0.0,35,4.18,15.17
2020-11-08,30.6,13.1,22.7,0.0,37,3.64,15.01
2020-11-09,30.2,12.6,21.3,0.0,42,3.75,14.84
2020-11-10,28.8,13.0,20.8,0.0,51,3.56,14.64
2020-11-11,28.4,14.1,20.9,0.0,58,3.33,14.33
2020-11-12,27.8,13.2,20.4,0.0,54,3.07,14.07
2020-11-13,28.1,13.5,20.5,0.0,49,3.24,14.1
2020-11-14,28.2,13.8,20.6,0.0,50,3.14,13.56
2020-11-15,28.0,16.5,20.9,6.7,62,3.49,10.76
2020-11-16,23.8,15.9,19.1,4.2,81,1.93,9.15
2020-11-17,23.6,13.9,18.0,0.0,74,2.43,12.62
2020-11-18,23.4,11.4,17.1,0.0,61,2.66,13.85
2020-11-19,23.1,10.4,15.9,0.0,59,2.68,13.95
2020-11-20,23.9,10.0,16.0,0.0,57,3.11,13.73
2020-11-21,23.6,10.1,15.9,0.0,55,3.24,13.63
2020-11-22,23.1,8.9,16.1,0.0,58,2.48,12.86
2020-11-23,23.5,9.1,15.9,0.0,61,2.55,13.14
2020-11-24,23.0,9.9,15.7,0.0,65,2.19,10.43
2020-11-25,21.0,13.1,15.9,0.3,69,2.04,7.78
2020-11-26,22.4,12.6,16.6,2.0,71,2.5,12.16
2020-11-27,23.5,11.5,16.2,0.0,70,2.67,13.18
2020-11-28,24.1,10.2,15.7,0.0,64,2.76,13.32
2020-11-29,23.4,9.0,15.7,0.0,63,2.42,13.0
2020-11-30,24.5,8.9,16.6,0.0,65,2.55,12.79
2020-12-01,25.0,9.9,17.5,0.0,64,2.41,12.73
2020-12-02,25.8,9.8,17.1,0.0,69,2.7,12.79
2020-12-03,25.6,9.8,17.6,0.0,68,2.38,12.71
2020-12-04,27.2,11.9,18.6,0.0,65,2.61,12.56
2020-12-05,26.5,12.0,18.4,0.0,67,2.63,12.36
2020-12-06,25.7,11.2,17.5,0.0,76,2.38,12.44
2020-12-07,26.0,11.1,18.3,0.0,73,2.4,12.24
2020-12-08,26.0,11.9,18.5,0.0,74,2.33,12.21
2020-12-09,26.0,12.1,18.5,0.0,71,2.57,12.06
2020-12-10,26.0,13.1,18.5,0.0,66,2.55,11.96
2020-12-11,25.2,13.0,18.4,0.6,72,2.1,9.44
2020-12-12,22.4,12.2,16.6,0.1,68,2.37,12.15
2020-12-13,20.0,9.1,13.5,0.0,71,2.3,12.67
2020-12-14,18.9,6.8,11.7,0.0,76,2.08,12.59
2020-12-15,18.5,5.6,10.7,0.0,75,2.06,12.69
2020-12-16,18.0,5.7,10.6,0.0,73,2.12,12.51
2020-12-17,17.5,4.6,9.8,0.0,63,2.35,12.83
2020-12-18,18.6,4.6,10.5,0.0,60,2.45,12.76
2020-12-19,20.5,5.7,11.9,0.0,59,2.55,12.61
2020-12-20,21.9,5.1,13.0,0.0,63,2.46,12.2
2020-12-21,21.9,7.7,13.8,0.0,70,2.13,11.78
2020-12-22,21.9,7.9,13.7,0.0,68,2.27,12.68
2020-12-23,22.2,8.3,13.9,0.0,67,2.29,12.52
2020-12-24,21.5,7.8,13.7,0.0,65,2.41,12.58
2020-12-25,21.2,6.9,13.0,0.0,62,2.39,12.66
2020-12-26,20.6,5.4,13.0,0.0,68,2.18,12.57
2020-12-27,23.5,7.4,14.1,0.0,60,3.21,11.78
2020-12-28,17.6,4.1,10.1,0.0,62,2.15,12.91
2020-12-29,16.8,3.5,9.3,0.0,71,2.11,12.88
2020-12-30,16.9,4.0,9.5,0.0,75,2.05,12.93
2020-12-31,17.2,2.5,9.6,0.0,77,1.89,12.27
2021-01-01,18.2,2.6,10.4,0.0,75,2.1,12.82
2021-01-02,18.1,9.6,13.4,0.9,77,1.81,9.17
2021-01-03,20.4,12.1,15.2,8.5,88,1.05,5.25
2021-01-04,20.2,13.0,15.9,6.0,90,1.25,6.41
2021-01-05,19.2,14.9,16.3,35.8,92,1.01,5.76
2021-01-06,19.9,12.4,15.7,0.3,90,1.49,8.83
2021-01-07,18.6,10.5,14.0,0.0,81,1.86,11.25
2021-01-08,18.8,6.7,13.0,0.2,82,1.86,11.53
2021-01-09,19.0,8.7,13.7,0.0,77,1.99,11.09
2021-01-10,16.7,6.4,10.4,0.0,81,2.06,13.57
2021-01-11,18.7,5.6,10.9,0.0,80,2.17,13.56
2021-01-12,19.0,4.9,10.9,0.0,77,2.21,13.76
2021-01-13,18.9,3.9,10.5,0.0,75,2.26,14.0
2021-01-14,18.5,4.1,10.7,0.0,77,2.05,13.18
2021-01-15,19.1,6.8,11.1,0.0,87,1.99,12.92
2021-01-16,16.6,5.6,9.6,0.0,87,1.69,11.55
2021-01-17,17.0,4.8,10.3,0.0,86,1.76,11.76
2021-01-18,19.0,9.9,13.2,0.0,84,1.83,10.65
2021-01-19,20.3,8.4,13.2,0.0,89,1.92,12.13
2021-01-20,19.9,8.6,12.9,0.0,87,1.94,12.39
2021-01-21,21.0,7.8,13.2,0.0,76,2.44,14.7
2021-01-22,22.0,6.7,13.5,0.0,76,2.64,14.37
2021-01-23,23.1,9.6,14.8,0.0,76,2.48,12.99
2021-01-24,18.5,6.7,11.8,0.0,80,2.4,14.88
2021-01-25,18.8,5.4,11.9,0.0,75,2.39,14.71
2021-01-26,19.0,4.4,10.9,0.0,73,2.5,14.98
2021-01-27,19.0,4.7,11.5,0.0,69,2.59,15.3
2021-01-28,18.6,3.7,11.5,0.0,67,2.53,15.36
2021-01-29,19.2,4.0,11.0,0.0,69,2.62,15.46
2021-01-30,19.2,4.6,11.6,0.0,66,2.7,15.71
2021-01-31,20.9,4.1,12.6,0.0,63,2.71,15.61
2021-02-01,23.0,6.8,13.9,0.0,72,2.7,15.56
2021-02-02,23.2,8.9,15.3,0.0,71,2.8,15.66
2021-02-03,23.0,10.9,16.2,0.1,73,2.67,15.49
2021-02-04,18.8,9.2,14.4,11.5,83,1.85,10.11
2021-02-05,20.0,7.1,12.5,0.0,79,2.48,14.46
2021-02-06,21.1,7.7,13.5,0.0,73,2.88,16.2
2021-02-07,22.5,7.8,14.7,0.0,67,3.05,16.29
2021-02-08,24.0,7.7,16.3,0.0,65,3.03,16.48
2021-02-09,25.4,8.0,16.8,0.0,65,3.2,16.53
2021-02-10,24.6,10.4,16.8,0.0,73,3.06,16.71
2021-02-11,24.1,9.6,17.5,0.0,71,2.95,16.77
2021-02-12,24.7,11.2,17.0,0.0,75,2.99,16.37
2021-02-13,25.1,10.6,17.1,0.0,74,3.15,17.22
2021-02-14,25.5,10.4,17.3,0.0,75,3.13,17.16
2021-02-15,26.0,11.5,18.1,0.0,76,3.23,16.9
2021-02-16,25.7,10.9,17.5,0.0,71,3.36,17.56
2021-02-17,24.2,10.9,16.9,0.0,79,3.08,17.07
2021-02-18,25.5,10.9,17.3,0.0,75,3.33,17.77
2021-02-19,25.4,10.8,17.3,0.0,74,3.41,17.88
2021-02-20,25.2,10.4,17.3,0.0,73,3.38,17.78
2021-02-21,26.6,11.7,18.2,0.0,64,3.76,18.18
2021-02-22,28.1,11.3,19.5,0.0,63,3.77,18.15
2021-02-23,29.7,12.4,20.2,0.0,61,3.66,17.08
2021-02-24,29.6,12.4,20.4,0.0,63,3.7,18.59
2021-02-25,30.5,14.1,22.0,0.0,58,4.14,18.77
2021-02-26,31.9,15.4,23.4,0.0,57,4.26,17.82
2021-02-27,30.2,17.8,23.0,0.0,43,5.01,18.86
2021-02-28,28.0,15.0,20.4,0.0,49,4.36,19.24
2021-03-01,27.2,12.5,19.1,0.0,48,4.54,19.77
2021-03-02,28.1,13.2,19.8,0.0,40,5.35,20.07
2021-03-03,30.0,12.8,20.7,0.0,45,4.68,19.88
2021-03-04,30.5,13.8,21.5,0.0,52,4.39,19.81
2021-03-05,30.4,14.8,21.9,0.0,46,5.33,20.38
2021-03-06,31.8,14.6,22.5,0.0,42,4.95,20.27
2021-03-07,33.2,16.0,24.2,0.0,44,5.9,20.01
2021-03-08,30.8,18.0,24.3,0.0,55,5.51,20.02
2021-03-09,30.5,19.4,24.5,0.5,61,3.99,15.84
2021-03-10,31.2,17.9,23.8,0.0,64,4.43,19.97
2021-03-11,32.1,15.9,24.2,0.0,55,5.32,19.63
2021-03-12,28.9,18.9,23.2,0.5,50,5.16,16.43
2021-03-13,30.0,16.0,22.8,0.0,59,4.65,20.42
2021-03-14,30.1,15.8,23.0,0.0,51,4.92,21.15
2021-03-15,30.9,17.8,23.8,0.0,51,4.81,19.23
2021-03-16,31.7,16.8,23.8,0.0,50,4.98,21.2
2021-03-17,32.6,17.4,24.7,0.0,43,5.25,19.98
2021-03-18,32.5,17.0,24.9,0.0,47,4.74,20.43
2021-03-19,32.5,18.1,25.1,0.0,44,5.3,19.59
2021-03-20,32.8,17.1,25.2,0.0,39,5.81,21.56
2021-03-21,33.0,17.6,25.6,0.0,44,5.39,18.98
2021-03-22,32.3,19.6,25.5,0.3,46,6.0,17.82
2021-03-23,31.4,20.2,24.9,0.0,43,5.74,18.09
2021-03-24,31.0,16.9,23.6,0.0,47,5.52,20.91
2021-03-25,30.4,16.1,22.8,0.0,47,5.83,22.73
2021-03-26,31.0,15.4,23.1,0.0,51,5.38,22.62
2021-03-27,32.8,17.5,25.1,0.0,50,5.32,22.46
2021-03-28,35.3,18.1,27.1,0.0,46,5.77,22.75
2021-03-29,39.3,20.0,29.0,0.0,32,7.5,23.22
2021-03-30,36.0,21.6,28.9,0.0,30,9.25,23.63
2021-03-31,33.7,19.1,26.3,0.0,24,8.07,24.27
2021-04-01,34.0,18.7,25.6,0.0,16,8.63,24.48
2021-04-02,32.6,15.7,24.1,0.0,17,6.79,24.4
2021-04-03,33.5,15.5,24.8,0.0,18,6.81,24.37
2021-04-04,35.0,16.8,26.4,0.0,23,6.16,23.9
2021-04-05,36.7,20.2,28.6,0.0,26,8.1,22.62
2021-04-06,36.5,22.0,29.0,0.0,30,7.15,22.17
2021-04-07,34.0,19.4,26.8,0.0,36,7.06,23.6
2021-04-08,33.5,19.5,26.5,0.0,29,7.01,24.67
2021-04-09,34.8,18.9,27.2,0.0,21,7.45,24.38
2021-04-10,36.0,19.8,28.0,0.0,19,7.17,24.55
2021-04-11,37.0,19.9,29.0,0.0,20,7.04,24.33
2021-04-12,38.0,21.0,29.9,0.0,19,7.15,23.86
2021-04-13,38.4,21.0,30.6,0.0,21,7.52,23.62
2021-04-14,37.4,22.9,30.3,0.0,24,6.84,20.3
2021-04-15,38.6,22.1,30.3,0.0,21,7.42,23.39
2021-04-16,37.0,21.8,27.5,1.2,39,6.54,18.26
2021-04-17,33.3,19.8,26.8,0.0,46,6.58,22.66
2021-04-18,35.1,19.9,27.9,0.0,35,6.41,23.32
2021-04-19,36.8,21.1,29.4,0.0,29,7.3,24.36
2021-04-20,32.2,19.5,25.1,1.9,46,5.18,12.84
2021-04-21,29.1,18.1,23.3,0.6,56,5.0,20.0
2021-04-22,33.2,17.5,25.8,0.0,47,6.24,23.94
2021-04-23,34.8,22.0,27.2,0.0,38,7.63,22.99
2021-04-24,33.5,17.2,25.6,0.0,38,6.97,25.14
2021-04-25,36.8,18.6,28.3,0.0,25,7.04,25.25
2021-04-26,38.7,19.4,29.9,0.0,25,7.34,24.88
2021-04-27,41.1,22.5,32.3,0.0,23,7.95,24.07
2021-04-28,41.6,23.1,33.1,0.0,21,8.24,23.67
2021-04-29,41.5,24.3,33.2,0.0,21,8.35,23.29
2021-04-30,38.2,24.5,32.4,0.0,25,6.81,18.85
2021-05-01,40.0,28.0,33.2,0.0,24,7.28,21.07
2021-05-02,39.1,25.8,32.4,0.0,26,6.93,20.26
2021-05-03,37.5,26.3,32.3,0.0,27,6.69,20.94
2021-05-04,39.2,25.7,32.8,0.0,27,7.02,19.81
2021-05-05,37.7,26.2,32.2,0.0,33,7.08,20.83
2021-05-06,39.0,25.5,30.2,1.4,43,6.08,19.43
2021-05-07,35.8,22.4,29.6,0.0,46,6.23,22.53
2021-05-08,38.2,24.5,31.9,0.0,33,6.97,22.03
2021-05-09,38.5,26.0,32.4,0.0,29,7.32,20.29
2021-05-10,39.5,26.3,32.4,0.0,32,7.52,20.5
2021-05-11,39.5,25.0,32.2,0.0,34,7.61,21.79
2021-05-12,36.1,24.9,30.5,0.2,39,6.61,20.12
2021-05-13,32.3,23.6,28.3,0.0,49,6.38,21.04
2021-05-14,35.3,23.5,29.1,0.2,47,5.49,18.77
2021-05-15,36.5,24.7,30.1,0.0,37,6.07,19.25
2021-05-16,38.8,23.1,31.5,0.0,36,6.43,23.5
2021-05-17,38.2,25.8,32.8,0.0,28,5.26,16.23
2021-05-18,32.9,25.0,29.0,0.0,48,4.22,7.74
2021-05-19,25.0,21.5,23.3,2.7,74,2.05,4.47
2021-05-20,35.6,20.1,28.2,0.1,57,5.88,22.37
2021-05-21,36.0,23.8,29.1,0.2,59,5.84,20.98
2021-05-22,37.8,25.2,31.3,0.0,50,5.97,22.39
2021-05-23,35.7,24.5,29.8,0.0,41,5.61,17.84
2021-05-24,37.9,22.5,30.6,0.0,34,7.88,24.11
2021-05-25,39.2,24.0,32.2,0.0,29,8.25,23.95
2021-05-26,40.3,24.9,33.0,0.0,23,7.49,24.33
2021-05-27,42.0,26.0,34.6,0.0,22,7.9,24.45
2021-05-28,42.5,25.6,34.5,0.0,30,7.73,23.22
2021-05-29,43.3,29.3,36.1,0.0,36,8.16,22.78
2021-05-30,40.2,28.0,34.0,0.0,44,7.08,21.41
2021-05-31,41.0,27.8,34.5,0.2,39,6.93,20.87
2021-06-01,34.3,23.6,30.0,0.4,56,4.57,14.33
2021-06-02,37.3,25.0,30.6,0.8,56,5.74,22.17
2021-06-03,37.5,25.0,31.4,0.0,52,5.91,21.61
2021-06-04,37.0,26.6,31.2,0.4,49,5.67,20.51
2021-06-05,36.7,25.9,30.9,0.4,53,6.0,21.74
2021-06-06,38.2,25.5,32.1,0.0,50,6.24,22.28
2021-06-07,41.2,27.5,34.8,0.0,39,7.18,21.83
2021-06-08,42.4,31.5,36.5,0.0,32,9.59,22.84
2021-06-09,42.7,31.9,37.0,0.0,32,9.04,22.86
2021-06-10,41.9,32.3,37.2,0.0,36,8.13,21.07
2021-06-11,41.8,30.2,35.9,0.0,42,7.17,18.93
2021-06-12,41.3,31.2,35.3,0.1,46,6.72,19.54
2021-06-13,38.0,28.2,32.3,2.2,57,5.79,20.21
2021-06-14,39.0,28.2,33.3,0.0,50,6.14,21.42
2021-06-15,39.1,27.7,32.3,0.4,53,5.82,18.91
2021-06-16,33.5,24.6,28.5,4.9,70,3.7,14.9
2021-06-17,37.0,26.2,31.3,0.0,57,5.82,21.67
2021-06-18,35.8,26.6,31.1,0.0,61,5.5,19.63
2021-06-19,36.2,26.5,31.0,0.0,60,5.55,19.35
2021-06-20,36.4,25.4,31.2,0.0,60,5.43,21.07
2021-06-21,37.8,26.9,32.4,0.0,55,5.79,21.0
2021-06-22,39.8,28.5,34.3,0.0,44,6.62,20.79
2021-06-23,41.0,28.2,35.0,0.0,36,6.88,21.06
2021-06-24,40.7,29.5,34.0,0.0,44,6.8,21.31
2021-06-25,39.8,28.1,32.7,0.8,53,5.99,19.69
2021-06-26,38.5,27.0,32.9,0.0,51,6.13,20.73
2021-06-27,39.5,28.8,34.0,0.0,47,6.63,21.65
2021-06-28,40.0,28.9,34.6,0.0,42,6.49,22.27
2021-06-29,42.0,28.8,35.9,0.0,36,7.67,23.77
2021-06-30,43.2,30.9,36.5,0.0,32,9.55,22.69
2021-07-01,41.8,32.5,36.6,0.0,34,9.41,23.24
2021-07-02,41.5,32.2,35.8,0.0,40,8.43,22.29
2021-07-03,40.0,28.2,33.5,0.8,49,6.8,20.04
2021-07-04,40.6,28.5,34.6,0.0,47,6.35,21.79
2021-07-05,40.4,30.3,34.9,0.0,44,6.44,20.68
2021-07-06,41.1,31.3,35.9,0.0,40,7.07,20.9
2021-07-07,41.0,31.2,36.0,0.1,40,6.86,19.03
2021-07-08,40.8,32.5,36.7,0.0,35,7.55,20.0
2021-07-09,39.5,31.0,35.1,0.3,46,6.55,19.75
2021-07-10,39.3,31.5,35.0,0.0,51,6.55,20.69
2021-07-11,39.0,31.8,34.8,0.0,53,7.21,19.99
2021-07-12,37.7,29.2,32.7,0.2,61,6.8,20.15
2021-07-13,32.2,28.2,29.9,8.2,74,3.39,10.67
2021-07-14,34.8,27.8,29.9,3.2,74,4.6,17.93
2021-07-15,35.5,26.4,30.4,2.7,74,4.76,18.14
2021-07-16,36.8,28.9,32.6,0.6,66,5.78,21.21
2021-07-17,38.8,29.5,34.3,2.1,58,5.6,20.62
2021-07-18,39.0,30.0,33.9,0.1,59,5.66,15.48
2021-07-19,30.5,26.4,28.1,11.0,88,1.83,6.95
2021-07-20,33.5,26.2,29.0,9.5,83,3.5,14.94
2021-07-21,34.8,26.9,30.3,2.6,76,4.4,19.05
2021-07-22,33.0,26.0,29.2,9.0,81,4.3,18.62
2021-07-23,32.5,26.5,28.5,3.4,84,2.87,11.89
2021-07-24,35.0,27.0,31.1,0.5,77,4.89,20.34
2021-07-25,36.1,28.6,32.4,0.6,70,5.22,20.5
2021-07-26,33.2,28.7,30.6,3.7,78,3.29,11.7
2021-07-27,33.7,26.9,29.5,30.2,81,3.5,13.98
2021-07-28,28.4,26.2,27.1,49.1,91,0.94,3.19
2021-07-29,29.5,26.0,27.4,5.7,87,1.83,7.66
2021-07-30,30.8,25.6,27.3,69.1,88,3.04,14.23
2021-07-31,31.0,26.0,28.1,4.0,88,2.76,12.48
2021-08-01,32.1,27.2,29.2,4.6,84,3.26,14.31
2021-08-02,33.2,26.1,29.2,2.6,80,4.11,18.08
2021-08-03,33.2,26.8,29.5,1.0,82,4.26,19.06
2021-08-04,33.5,26.7,29.9,1.6,79,4.77,21.32
2021-08-05,33.7,27.0,30.2,1.1,76,4.5,19.51
2021-08-06,35.0,27.2,31.0,0.0,74,5.07,21.41
2021-08-07,34.7,27.4,30.8,0.2,76,4.45,18.91
2021-08-08,33.3,27.4,30.0,0.1,78,3.84,15.89
2021-08-09,35.1,26.7,30.6,0.2,76,4.73,20.55
2021-08-10,37.2,28.1,32.3,0.0,61,5.93,21.48
2021-08-11,38.1,29.7,32.9,0.0,51,7.12,22.63
2021-08-12,38.0,28.6,32.8,0.0,51,7.02,22.76
2021-08-13,38.2,28.9,33.3,0.0,50,7.01,21.69
2021-08-14,37.9,28.7,33.0,0.0,52,6.6,21.48
2021-08-15,38.1,28.3,32.7,0.0,51,6.27,20.91
2021-08-16,38.7,27.3,32.7,0.0,54,6.11,22.68
2021-08-17,38.8,27.8,33.1,0.0,52,6.38,22.37
2021-08-18,38.7,28.0,33.2,0.0,51,5.89,21.2
2021-08-19,38.2,28.4,33.4,0.0,52,5.69,20.55
2021-08-20,35.4,27.7,31.3,0.2,69,4.5,14.66
2021-08-21,29.9,25.3,27.0,20.5,88,2.23,9.6
2021-08-22,31.8,24.9,27.5,14.0,88,3.1,14.33
2021-08-23,31.8,26.3,28.8,5.6,85,3.4,15.79
2021-08-24,34.7,26.9,30.9,0.1,75,4.68,19.15
2021-08-25,35.9,28.9,31.6,0.0,56,7.08,23.27
2021-08-26,35.8,27.7,31.2,0.0,56,6.91,23.12
2021-08-27,36.7,27.1,31.5,0.0,54,6.64,22.55
2021-08-28,35.3,28.0,31.6,0.0,55,5.94,21.75
2021-08-29,35.6,27.1,31.2,0.0,64,5.54,21.39
2021-08-30,33.8,26.7,30.2,0.0,72,5.37,21.51
2021-08-31,33.2,25.8,29.1,0.6,75,4.72,18.91
2021-09-01,29.5,25.0,26.5,10.6,87,2.14,9.19
2021-09-02,32.0,25.2,28.0,3.4,84,3.43,15.42
2021-09-03,30.9,25.4,27.4,8.2,87,2.89,13.23
2021-09-04,30.4,25.2,27.8,13.6,86,2.92,13.68
2021-09-05,32.5,25.6,29.1,0.6,81,3.97,18.36
2021-09-06,33.6,26.8,30.0,2.2,78,4.11,18.57
2021-09-07,32.4,27.5,29.5,3.1,81,3.84,16.78
2021-09-08,32.6,26.7,29.0,0.6,76,4.55,17.78
2021-09-09,32.4,26.1,28.8,0.4,80,4.18,18.33
2021-09-10,31.8,25.5,28.1,4.6,82,3.75,16.02
2021-09-11,30.1,24.8,26.5,23.9,88,2.44,10.46
2021-09-12,29.3,24.3,26.6,18.6,88,2.45,11.19
2021-09-13,32.0,25.6,28.2,1.5,82,3.53,15.62
2021-09-14,32.5,26.1,28.7,1.2,81,3.53,14.99
2021-09-15,32.2,26.2,28.9,0.0,71,4.18,16.91
2021-09-16,33.9,25.6,29.0,0.1,71,4.7,19.22
2021-09-17,32.4,24.2,27.9,0.0,73,3.86,17.24
2021-09-18,33.0,24.7,28.5,0.0,72,4.66,20.19
2021-09-19,32.8,25.6,29.0,0.3,78,4.11,18.19
2021-09-20,33.1,25.5,29.4,1.1,73,4.18,17.61
2021-09-21,32.5,26.5,29.1,0.4,76,3.77,15.41
2021-09-22,30.2,24.4,27.0,10.6,87,2.78,12.69
2021-09-23,29.0,24.9,26.2,9.2,90,2.09,9.87
2021-09-24,31.5,24.3,27.1,0.9,85,3.56,16.74
2021-09-25,31.5,24.2,27.7,0.3,83,3.64,17.05
2021-09-26,31.6,24.9,28.1,0.7,79,3.94,17.33
2021-09-27,32.0,24.8,28.5,0.3,78,3.78,17.23
2021-09-28,33.7,26.4,29.5,0.1,74,4.29,17.63
2021-09-29,32.8,26.2,29.3,0.1,72,4.55,17.57
2021-09-30,32.8,26.1,29.1,0.1,74,4.03,16.97
2021-10-01,33.7,25.8,29.5,0.1,75,3.78,16.91
2021-10-02,33.8,25.8,29.7,0.3,74,3.88,16.43
2021-10-03,35.1,26.4,30.2,0.0,67,4.62,17.76
2021-10-04,33.7,26.4,29.2,0.2,68,3.54,12.88
2021-10-05,33.1,26.0,28.9,0.6,71,3.46,14.68
2021-10-06,34.0,24.7,28.5,0.0,72,4.31,18.19
2021-10-07,33.8,22.4,27.6,0.0,67,4.42,18.82
2021-10-08,35.3,21.9,28.3,0.0,61,4.6,18.56
2021-10-09,36.1,22.2,28.6,0.0,56,5.0,18.5
2021-10-10,36.0,22.8,28.8,0.0,54,4.88,18.36
2021-10-11,36.3,22.9,29.0,0.0,46,5.1,16.89
2021-10-12,35.0,22.0,27.9,0.0,49,4.8,17.24
2021-10-13,32.6,20.4,26.0,0.0,54,4.67,18.09
2021-10-14,32.8,19.4,25.2,0.0,54,4.79,18.06
2021-10-15,32.3,18.2,24.8,0.0,55,4.3,18.01
2021-10-16,33.1,19.2,26.2,0.0,58,4.07,17.12
2021-10-17,28.7,23.5,25.6,2.5,74,2.23,6.9
2021-10-18,24.5,20.5,22.9,4.1,89,1.07,4.26
2021-10-19,30.5,19.4,24.1,0.1,76,3.62,15.8
2021-10-20,31.9,19.4,24.6,0.0,64,4.16,16.96
2021-10-21,30.8,17.6,23.9,0.0,56,4.61,17.2
2021-10-22,30.6,19.0,24.2,0.0,56,4.66,16.67
2021-10-23,31.3,20.5,25.6,0.0,52,5.04,15.63
2021-10-24,29.2,19.0,22.7,0.9,69,3.43,13.6
2021-10-25,27.6,17.0,21.7,0.0,73,3.38,15.58
2021-10-26,27.4,16.0,21.0,0.0,67,3.58,16.1
2021-10-27,28.8,15.6,21.6,0.0,61,3.78,15.63
2021-10-28,28.9,15.1,21.2,0.0,55,3.94,15.94
2021-10-29,29.2,14.9,21.4,0.0,52,3.92,15.81
2021-10-30,30.0,14.6,21.7,0.0,53,4.31,15.66
2021-10-31,30.0,15.4,21.8,0.0,55,3.94,15.61
2021-11-01,31.8,15.9,22.8,0.0,46,4.33,15.38
2021-11-02,31.0,17.2,23.5,0.0,43,4.86,13.65
2021-11-03,28.1,16.1,21.7,0.0,56,3.57,14.97
2021-11-04,28.1,14.7,21.0,0.0,64,3.29,14.91
2021-11-05,28.3,14.4,20.6,0.0,57,3.26,14.83
2021-11-06,28.7,14.1,20.8,0.0,61,3.68,14.59
2021-11-07,28.9,14.3,20.9,0.0,63,3.39,14.57
2021-11-08,29.1,14.1,21.0,0.0,64,3.4,14.43
2021-11-09,30.1,14.5,21.2,0.0,62,3.55,14.35
2021-11-10,29.6,14.9,21.4,0.0,61,3.26,14.22
2021-11-11,29.1,13.8,21.0,0.0,59,3.19,14.26
2021-11-12,28.2,13.1,20.1,0.0,63,3.14,14.12
2021-11-13,27.8,13.4,19.8,0.0,57,3.3,14.1
2021-11-14,26.7,12.1,18.9,0.0,51,3.17,14.16
2021-11-15,26.2,11.2,18.4,0.0,53,3.02,13.99
2021-11-16,25.7,11.5,17.4,0.0,55,3.03,14.04
2021-11-17,25.4,11.1,17.3,0.0,58,2.96,13.86
2021-11-18,24.5,9.5,17.0,0.0,61,2.76,13.75
2021-11-19,24.6,10.4,16.8,0.0,63,2.83,13.7
2021-11-20,25.0,10.2,17.1,0.0,64,2.73,13.48
2021-11-21,26.0,10.2,17.4,0.0,63,3.03,13.54
2021-11-22,25.9,10.5,17.3,0.0,62,3.19,13.6
2021-11-23,25.6,10.6,17.9,0.0,58,3.03,13.42
2021-11-24,27.5,10.3,18.2,0.0,54,3.18,13.3
2021-11-25,26.5,12.8,18.9,0.0,69,2.58,12.64
2021-11-26,26.3,11.6,18.3,0.0,68,2.68,12.89
2021-11-27,26.2,11.1,18.4,0.0,67,2.84,12.78
2021-11-28,25.8,13.4,18.4,0.0,72,2.55,12.5
2021-11-29,25.0,12.3,17.7,0.0,66,2.66,12.71
2021-11-30,25.2,11.6,17.2,0.0,69,2.62,12.34
2021-12-01,22.1,13.1,16.5,0.0,76,1.42,7.0
2021-12-02,20.0,12.5,16.1,0.2,82,0.89,3.44
2021-12-03,22.4,11.0,16.1,0.0,75,2.08,11.87
2021-12-04,23.0,11.0,17.0,0.0,72,2.24,12.06
2021-12-05,23.2,12.1,17.1,1.2,78,1.83,9.56
2021-12-06,23.3,12.3,17.2,0.2,77,2.26,11.66
2021-12-07,23.1,10.6,15.9,0.0,73,2.43,12.28
2021-12-08,22.5,10.1,15.0,0.0,70,2.44,12.39
2021-12-09,22.0,9.1,14.8,0.0,70,2.24,12.2
2021-12-10,22.2,8.7,14.6,0.0,68,2.43,12.29
2021-12-11,22.0,8.1,14.0,0.0,68,2.45,12.45
2021-12-12,21.1,8.9,14.2,0.0,66,2.07,11.81
2021-12-13,20.5,7.6,13.3,0.0,71,2.13,11.7
2021-12-14,20.8,7.5,13.3,0.0,73,2.08,11.98
2021-12-15,19.9,7.1,12.6,0.0,69,2.17,12.39
2021-12-16,19.1,8.2,12.8,0.0,63,2.25,11.28
2021-12-17,17.8,5.4,10.9,0.0,66,2.33,12.41
2021-12-18,17.6,5.1,10.2,0.0,69,2.27,12.47
2021-12-19,17.2,4.0,9.7,0.0,68,2.14,12.48
2021-12-20,18.5,3.8,10.8,0.0,69,2.07,12.29
2021-12-21,19.7,5.0,11.4,0.0,74,2.02,12.15
2021-12-22,20.3,5.7,12.2,0.0,75,2.01,12.12
2021-12-23,21.4,8.3,13.8,0.0,75,1.98,10.82
2021-12-24,21.5,10.0,14.4,0.0,81,1.97,11.45
2021-12-25,21.0,7.2,14.1,0.0,80,1.98,11.75
2021-12-26,18.5,10.9,14.4,1.6,86,1.14,5.75
2021-12-27,19.9,9.6,13.9,0.0,82,1.9,11.57
2021-12-28,19.9,8.7,13.5,0.0,75,1.9,10.29
2021-12-29,18.9,6.6,11.9,0.0,73,2.18,12.54
2021-12-30,17.9,5.4,10.7,0.0,74,1.81,10.9
2021-12-31,17.7,4.2,10.4,0.0,73,2.04,12.51
2022-01-01,18.0,4.2,11.2,0.0,74,2.01,12.37
2022-01-02,19.3,6.2,11.7,0.0,77,2.0,11.97
2022-01-03,20.1,6.7,12.7,0.0,75,2.06,12.29
2022-01-04,19.6,10.1,14.4,0.0,71,1.55,6.9
2022-01-05,14.9,12.4,13.4,17.3,85,0.78,2.57
2022-01-06,18.6,12.1,14.6,0.9,85,1.4,7.39
2022-01-07,20.6,12.6,15.7,5.1,81,2.11,10.44
2022-01-08,16.9,10.4,14.4,47.3,89,0.83,4.32
2022-01-09,16.9,8.2,11.7,0.0,84,1.55,9.84
2022-01-10,17.3,6.1,11.3,0.0,80,1.89,11.66
2022-01-11,16.6,5.6,10.3,0.0,81,1.97,13.04
2022-01-12,17.9,6.4,11.7,0.0,82,1.85,11.86
2022-01-13,18.1,8.2,12.5,0.0,83,1.88,11.75
2022-01-14,17.1,6.4,11.2,0.0,85,1.75,11.1
2022-01-15,16.9,5.4,9.7,0.0,89,1.85,12.51
2022-01-16,16.4,5.2,9.8,0.0,88,1.66,11.52
2022-01-17,15.4,4.8,9.2,0.0,89,1.57,10.77
2022-01-18,17.3,4.6,10.1,0.0,90,1.74,12.11
2022-01-19,17.1,6.9,11.4,1.4,89,1.5,9.31
2022-01-20,18.1,8.9,12.7,0.9,87,1.85,11.68
2022-01-21,18.9,7.3,12.6,0.5,83,2.18,13.62
2022-01-22,15.4,11.2,13.1,6.3,88,1.04,5.2
2022-01-23,15.9,8.1,11.3,0.6,86,1.64,10.72
2022-01-24,16.5,6.4,11.0,0.5,85,1.79,11.7
2022-01-25,16.8,6.0,10.5,0.0,85,1.89,12.67
2022-01-26,17.3,5.6,10.5,0.0,80,2.15,13.28
2022-01-27,18.0,6.3,10.7,0.0,74,2.43,14.86
2022-01-28,18.1,5.0,11.5,0.0,71,2.42,14.96
2022-01-29,20.2,5.3,11.9,0.0,73,2.58,15.02
2022-01-30,20.5,7.2,12.7,0.0,75,2.57,15.11
2022-01-31,21.5,6.8,13.6,0.0,76,2.49,15.12
2022-02-01,21.5,7.4,13.5,0.0,82,2.59,15.31
2022-02-02,20.7,7.1,13.8,0.0,76,2.7,15.03
2022-02-03,16.9,9.2,13.1,6.7,82,1.85,10.24
2022-02-04,17.5,6.9,11.1,0.0,84,2.21,14.9
2022-02-05,17.8,4.4,10.7,0.0,82,2.24,14.53
2022-02-06,21.0,6.2,12.9,0.0,77,2.69,16.1
2022-02-07,22.7,9.9,16.0,0.0,77,2.73,15.6
2022-02-08,22.4,11.9,16.7,0.0,82,2.64,15.27
2022-02-09,20.0,12.9,15.8,4.6,73,2.44,13.91
2022-02-10,20.8,8.1,13.6,0.0,71,3.03,16.65
2022-02-11,20.9,8.9,13.7,0.0,69,3.08,16.92
2022-02-12,22.0,7.5,14.3,0.0,68,3.09,17.04
2022-02-13,23.1,7.8,15.1,0.0,65,3.06,17.14
2022-02-14,23.7,9.6,15.7,0.0,69,3.15,17.15
2022-02-15,23.6,9.8,16.0,0.0,70,3.1,16.57
2022-02-16,23.8,9.5,16.2,0.0,70,3.2,17.07
2022-02-17,24.1,9.7,16.3,0.0,69,3.26,17.1
2022-02-18,24.4,9.4,15.9,0.0,70,3.12,16.17
2022-02-19,24.0,10.3,16.1,0.0,67,3.55,17.94
2022-02-20,24.4,11.4,17.2,0.0,60,3.99,18.01
2022-02-21,25.1,10.7,17.1,0.0,53,3.88,18.57
2022-02-22,26.8,13.6,19.6,0.0,51,5.27,17.92
2022-02-23,24.5,13.9,18.6,0.0,69,3.56,18.07
2022-02-24,24.5,12.4,18.0,0.0,71,3.19,15.76
2022-02-25,26.0,12.1,18.5,0.1,66,4.01,17.77
2022-02-26,24.0,13.6,17.9,0.5,69,3.85,18.1
2022-02-27,22.6,10.4,15.9,0.0,66,3.63,19.1
2022-02-28,22.5,10.1,15.8,0.0,67,3.52,18.64
2022-03-01,24.3,10.0,16.8,0.0,69,3.54,19.03
2022-03-02,25.5,11.8,18.3,0.1,66,3.71,19.31
2022-03-03,23.2,14.7,18.3,1.8,73,3.16,16.7
2022-03-04,24.4,13.1,17.9,0.0,74,3.81,19.55
2022-03-05,26.0,12.9,18.5,0.0,67,4.07,19.96
2022-03-06,26.9,12.9,19.7,0.0,66,3.5,17.15
2022-03-07,28.5,15.5,21.1,0.0,58,4.22,19.12
2022-03-08,29.1,13.6,20.9,0.0,58,4.53,19.87
2022-03-09,29.1,13.6,21.3,0.0,55,4.48,19.84
2022-03-10,28.9,15.1,21.2,0.0,58,4.63,20.27
2022-03-11,29.2,14.9,21.2,0.0,61,4.77,20.89
2022-03-12,30.5,13.9,21.6,0.0,60,4.77,21.07
2022-03-13,32.5,15.4,23.6,0.0,60,4.88,20.79
2022-03-14,33.8,16.9,24.7,0.0,64,4.76,20.78
2022-03-15,34.2,17.5,25.5,0.0,66,4.99,20.88
2022-03-16,35.5,18.7,26.5,0.0,58,5.88,21.24
2022-03-17,35.0,18.5,26.2,0.0,60,4.86,21.45
2022-03-18,35.0,21.2,27.5,0.0,65,5.51,21.28
2022-03-19,37.2,21.7,28.3,0.0,53,5.55,21.73
2022-03-20,35.8,21.0,27.6,0.0,49,5.84,21.39
2022-03-21,36.2,19.5,27.5,0.0,47,5.97,21.7
2022-03-22,35.5,19.5,27.4,0.0,45,6.81,22.4
2022-03-23,35.9,20.5,27.5,0.0,37,6.02,21.36
2022-03-24,34.5,22.0,27.7,0.0,33,6.99,21.68
2022-03-25,34.8,18.8,26.6,0.0,33,6.61,22.68
2022-03-26,35.8,18.4,26.9,0.0,32,7.51,23.16
2022-03-27,37.7,17.5,27.4,0.0,29,6.95,23.29
2022-03-28,38.8,18.1,28.2,0.0,28,6.89,23.27
2022-03-29,39.6,19.5,28.9,0.0,28,6.9,23.27
2022-03-30,38.4,19.0,29.1,0.0,30,6.12,23.22
2022-03-31,37.5,20.6,29.4,0.0,29,6.92,23.14
2022-04-01,36.6,20.5,28.6,0.0,23,7.75,24.13
2022-04-02,38.8,18.8,29.2,0.0,21,7.22,23.82
2022-04-03,39.4,18.9,28.8,0.0,17,7.66,24.42
2022-04-04,38.2,20.7,29.3,0.0,19,8.08,24.0
2022-04-05,38.7,20.7,29.9,0.0,22,7.17,23.73
2022-04-06,39.1,19.9,29.7,0.0,21,7.54,24.13
2022-04-07,40.2,20.4,30.8,0.0,19,7.51,24.21
2022-04-08,41.5,20.6,31.9,0.0,17,8.2,24.22
2022-04-09,42.5,22.2,32.2,0.0,16,7.88,23.26
2022-04-10,42.0,23.1,32.5,0.0,17,8.53,24.37
2022-04-11,42.0,23.8,33.4,0.0,17,8.17,24.07
2022-04-12,39.8,27.0,32.5,0.0,16,8.36,21.13
2022-04-13,39.2,23.8,31.9,0.0,17,8.45,24.02
2022-04-14,39.6,23.4,31.9,0.0,17,8.24,23.95
2022-04-15,39.1,23.0,31.2,0.0,19,8.02,23.97
2022-04-16,39.2,22.9,31.3,0.0,17,7.69,24.69
2022-04-17,40.9,22.9,32.6,0.0,18,7.92,24.72
2022-04-18,41.7,23.4,33.1,0.0,18,7.73,24.13
2022-04-19,42.0,25.0,34.1,0.0,18,9.16,23.01
2022-04-20,40.9,26.1,33.9,0.0,19,8.46,23.41
2022-04-21,36.3,26.2,31.4,0.0,23,6.98,15.1
2022-04-22,38.0,22.7,30.5,0.0,27,6.76,23.62
2022-04-23,38.5,23.0,31.3,0.0,20,7.6,24.12
2022-04-24,39.8,23.0,31.3,0.0,21,8.29,24.31
2022-04-25,40.2,22.9,31.9,0.0,23,7.57,23.03
2022-04-26,40.8,25.3,33.0,0.0,20,8.2,23.51
2022-04-27,41.7,24.4,33.3,0.0,18,8.0,24.72
2022-04-28,43.3,24.9,34.5,0.0,18,8.01,24.37
2022-04-29,43.0,25.0,34.2,0.0,16,9.02,24.57
2022-04-30,42.8,26.4,34.8,0.0,15,8.77,24.35
2022-05-01,43.2,25.8,34.5,0.0,20,8.91,23.91
2022-05-02,43.6,27.1,34.5,0.0,27,9.35,23.74
2022-05-03,40.6,25.8,33.7,0.0,28,7.95,23.49
2022-05-04,39.5,25.1,31.6,1.8,35,7.69,22.13
2022-05-05,38.4,23.9,31.5,0.0,39,6.95,22.68
2022-05-06,40.0,24.4,32.9,0.0,26,7.22,22.82
2022-05-07,41.3,24.4,33.6,0.0,22,7.88,22.57
2022-05-08,42.2,25.2,34.2,0.0,22,8.16,24.25
2022-05-09,42.8,27.8,34.7,0.0,34,8.08,23.16
2022-05-10,42.1,29.2,34.3,0.0,40,7.81,21.75
2022-05-11,43.3,28.1,35.3,0.0,34,7.86,22.29
2022-05-12,45.5,28.9,36.7,0.0,31,8.27,22.41
2022-05-13,45.6,26.8,36.1,0.0,29,8.56,24.36
2022-05-14,45.7,27.9,37.1,0.0,15,8.63,24.6
2022-05-15,46.5,29.6,37.5,0.0,13,9.15,22.32
2022-05-16,42.8,31.9,36.4,0.0,16,8.36,18.12
2022-05-17,42.2,27.9,35.0,0.0,23,7.89,21.6
2022-05-18,42.7,28.3,35.3,0.0,27,7.84,22.64
2022-05-19,44.3,27.5,36.4,0.0,22,8.37,23.58
2022-05-20,44.8,28.0,37.3,0.0,15,9.9,22.58
2022-05-21,39.3,29.0,33.2,6.9,30,7.36,19.08
2022-05-22,41.7,25.9,33.7,0.0,31,7.84,23.01
2022-05-23,35.2,22.9,27.7,6.0,56,6.67,19.52
2022-05-24,33.3,22.0,27.3,0.0,60,5.88,23.4
2022-05-25,34.0,21.9,28.1,0.0,56,5.61,23.37
2022-05-26,37.5,24.1,30.9,0.0,46,6.29,23.3
2022-05-27,39.6,26.9,32.8,0.4,44,6.5,19.24
2022-05-28,41.8,29.7,34.6,0.0,38,8.09,22.63
2022-05-29,41.8,26.5,34.2,0.0,41,7.43,21.83
2022-05-30,42.3,28.9,34.7,0.0,32,9.27,24.22
2022-05-31,40.5,25.1,33.2,0.0,34,7.48,22.45
2022-06-01,41.4,25.5,34.0,0.0,28,7.37,21.38
2022-06-02,42.1,27.1,35.1,0.0,24,7.63,21.47
2022-06-03,42.7,25.5,34.4,0.0,23,7.49,22.09
2022-06-04,43.3,26.5,35.1,0.0,21,7.04,22.81
2022-06-05,42.5,29.6,35.8,0.0,17,9.89,23.81
2022-06-06,43.0,28.9,36.0,0.0,20,8.12,21.47
2022-06-07,43.0,28.3,36.3,0.0,22,8.01,21.81
2022-06-08,42.7,31.9,36.8,0.0,20,10.82,23.61
2022-06-09,43.2,30.0,36.6,0.0,23,9.09,22.4
2022-06-10,43.7,31.6,37.1,0.0,24,10.31,23.02
2022-06-11,43.4,31.9,37.4,0.0,23,11.09,22.9
2022-06-12,42.8,30.1,36.9,0.0,25,9.43,22.13
2022-06-13,43.0,33.0,37.9,0.0,27,9.45,20.69
2022-06-14,36.8,30.2,33.5,0.0,44,6.94,9.36
2022-06-15,42.4,29.9,35.9,0.0,38,8.59,21.83
2022-06-16,39.4,25.7,34.0,2.3,46,7.2,17.7
2022-06-17,36.2,27.3,31.8,1.6,54,5.68,15.44
2022-06-18,34.4,23.3,29.2,11.9,66,4.61,16.96
2022-06-19,33.5,23.4,26.9,9.6,76,3.4,14.23
2022-06-20,33.5,23.0,28.1,0.0,70,4.66,20.04
2022-06-21,32.7,23.3,27.5,5.9,69,4.36,16.43
2022-06-22,33.2,24.0,28.9,2.0,67,5.01,20.73
2022-06-23,36.0,24.6,30.1,0.0,56,6.44,23.5
2022-06-24,36.9,24.5,30.7,0.0,50,6.5,23.63
2022-06-25,38.3,25.0,32.2,0.0,42,6.57,23.83
2022-06-26,40.2,28.9,34.2,0.0,41,8.08,22.54
2022-06-27,39.5,30.6,35.0,0.0,50,6.6,21.73
2022-06-28,42.2,31.4,36.4,0.0,45,7.42,22.05
2022-06-29,42.3,30.8,36.4,0.0,44,7.98,21.45
2022-06-30,32.2,26.0,29.1,6.9,77,3.22,9.93
2022-07-01,33.1,25.6,28.9,8.0,76,3.87,16.95
2022-07-02,34.3,26.8,30.5,0.9,71,4.61,19.35
2022-07-03,35.0,27.0,30.0,8.7,76,4.13,16.91
2022-07-04,35.6,27.0,31.2,0.2,72,4.48,19.09
2022-07-05,37.5,29.2,33.0,0.0,63,5.28,19.18
2022-07-06,36.3,26.6,32.4,5.3,67,5.33,17.24
2022-07-07,36.5,27.0,32.3,3.3,67,5.43,19.93
2022-07-08,37.8,29.5,33.7,0.1,60,5.93,21.49
2022-07-09,36.3,28.5,31.7,0.6,68,4.97,17.92
2022-07-10,33.2,25.2,28.6,18.0,80,2.74,11.5
2022-07-11,35.5,26.9,31.1,0.2,70,4.86,20.79
2022-07-12,36.2,28.8,31.9,4.4,68,4.71,19.85
2022-07-13,35.3,26.6,31.3,10.0,70,5.06,19.94
2022-07-14,35.5,26.8,30.1,18.2,75,4.59,17.95
2022-07-15,35.2,27.1,30.0,14.8,74,4.84,18.39
2022-07-16,34.3,27.6,30.1,8.2,74,4.53,17.77
2022-07-17,33.2,26.3,29.1,5.1,81,3.5,14.44
2022-07-18,35.5,26.8,31.0,0.4,76,4.93,21.31
2022-07-19,35.8,27.8,31.4,2.3,75,4.53,18.51
2022-07-20,34.4,25.9,29.0,31.7,83,3.99,16.97
2022-07-21,30.1,25.0,27.5,12.0,85,2.3,9.54
2022-07-22,33.3,25.8,28.3,6.9,84,3.97,18.1
2022-07-23,32.8,25.5,28.2,5.5,84,3.52,15.16
2022-07-24,34.2,26.0,29.8,6.1,77,4.98,19.89
2022-07-25,33.0,26.1,29.6,1.0,74,4.83,19.06
2022-07-26,33.0,26.8,29.6,0.7,73,4.59,18.2
2022-07-27,33.7,26.6,30.1,1.8,71,4.99,19.22
2022-07-28,32.3,26.1,28.4,7.6,81,3.39,14.5
2022-07-29,31.4,25.8,27.6,9.3,86,2.64,11.74
2022-07-30,32.5,26.0,28.2,7.8,81,4.15,18.27
2022-07-31,31.8,25.6,27.6,28.0,83,3.22,13.71
2022-08-01,31.4,25.5,28.1,3.5,82,3.62,16.51
2022-08-02,34.1,25.6,29.6,0.1,77,4.94,21.34
2022-08-03,33.8,24.4,28.9,11.6,80,4.57,20.48
2022-08-04,32.8,25.9,28.4,9.5,83,3.57,16.12
2022-08-05,31.8,26.2,28.2,5.3,83,3.22,14.41
2022-08-06,32.8,26.0,29.2,1.5,80,4.48,20.76
2022-08-07,32.7,25.4,29.1,10.6,82,4.04,17.77
2022-08-08,33.5,26.3,29.7,1.8,77,4.84,21.2
2022-08-09,34.7,27.6,30.8,1.7,73,4.72,19.0
2022-08-10,35.5,28.1,31.5,0.6,72,5.32,21.01
2022-08-11,32.0,27.8,29.6,0.1,70,4.57,14.58
2022-08-12,34.8,25.8,30.3,0.5,67,5.84,22.22
2022-08-13,34.2,27.6,30.4,1.1,69,5.38,20.26
2022-08-14,34.2,26.3,29.4,0.4,73,4.74,19.94
2022-08-15,33.9,25.3,29.4,2.7,74,4.67,18.14
2022-08-16,33.2,26.4,28.9,8.7,71,4.95,16.18
2022-08-17,33.2,25.9,29.0,0.7,70,4.85,15.0
2022-08-18,33.9,26.0,29.7,0.4,69,4.95,19.96
2022-08-19,34.0,26.2,30.0,0.7,69,5.43,21.14
2022-08-20,34.2,26.5,30.3,0.2,65,4.87,19.76
2022-08-21,35.5,27.2,30.1,2.5,69,4.67,18.98
2022-08-22,35.0,26.8,30.7,0.0,68,4.97,20.26
2022-08-23,35.9,27.5,31.3,0.0,62,6.95,20.81
2022-08-24,35.2,27.0,30.3,0.2,64,6.38,21.59
2022-08-25,34.4,26.2,30.2,2.1,62,5.26,20.66
2022-08-26,34.8,27.2,30.6,1.3,63,5.27,18.7
2022-08-27,35.6,27.8,31.2,0.6,57,6.31,20.8
2022-08-28,36.2,27.9,31.8,0.0,50,6.71,21.58
2022-08-29,35.1,27.6,31.0,1.3,57,5.65,20.2
2022-08-30,37.2,27.5,31.9,0.0,55,5.43,21.12
2022-08-31,37.0,28.0,32.0,0.2,59,5.1,18.88
2022-09-01,37.2,28.0,32.7,0.0,52,5.81,21.11
2022-09-02,37.8,27.6,32.6,0.0,50,6.06,21.33
2022-09-03,38.2,27.7,32.4,0.0,49,6.51,21.73
2022-09-04,37.5,27.3,32.0,0.0,48,6.79,22.58
2022-09-05,36.4,27.1,31.5,0.0,53,6.04,22.06
2022-09-06,36.6,26.4,31.4,0.0,55,5.62,20.61
2022-09-07,36.3,26.2,31.1,0.0,58,5.12,20.61
2022-09-08,36.0,27.0,31.5,0.0,56,5.05,20.78
2022-09-09,36.8,28.0,32.2,0.0,55,5.62,20.8
2022-09-10,35.9,28.8,32.0,0.1,60,5.44,19.8
2022-09-11,34.6,25.2,30.7,4.4,64,4.96,19.13
2022-09-12,35.4,26.6,30.9,1.1,60,5.44,19.65
2022-09-13,35.2,25.2,30.3,1.0,64,5.2,18.8
2022-09-14,33.9,27.3,29.5,1.1,66,4.2,14.31
2022-09-15,34.0,26.1,29.0,1.2,69,4.69,17.64
2022-09-16,34.4,23.5,28.6,0.4,69,4.72,20.31
2022-09-17,36.3,25.4,30.3,0.0,61,5.47,20.5
2022-09-18,35.9,25.3,30.4,0.0,57,5.62,20.5
2022-09-19,36.2,25.0,30.4,0.0,57,5.25,20.17
2022-09-20,34.3,26.5,29.4,0.7,66,4.34,17.26
2022-09-21,34.0,25.1,28.4,0.5,76,3.86,16.59
2022-09-22,30.1,25.2,27.2,6.0,80,3.1,12.37
2022-09-23,26.8,23.9,25.0,22.9,89,1.54,6.78
2022-09-24,27.0,23.4,24.6,34.9,92,1.48,6.89
2022-09-25,31.1,23.6,26.3,0.7,83,3.72,17.88
2022-09-26,32.4,23.1,26.9,0.3,80,4.08,18.38
2022-09-27,32.5,22.4,26.6,0.4,79,4.05,18.64
2022-09-28,33.2,23.0,27.4,0.0,71,4.42,19.32
2022-09-29,33.3,23.3,27.7,0.0,70,4.44,19.18
2022-09-30,33.7,22.9,27.7,0.0,70,4.31,19.04
2022-10-01,34.6,23.3,28.1,0.0,65,4.56,19.01
2022-10-02,34.4,22.8,27.9,0.0,57,5.11,19.25
2022-10-03,34.3,22.0,27.6,0.0,58,5.28,19.16
2022-10-04,34.2,23.3,27.8,0.0,58,5.06,19.04
2022-10-05,34.0,22.0,27.5,0.0,64,4.59,18.72
2022-10-06,32.7,22.6,26.8,0.0,70,4.36,18.4
2022-10-07,30.2,22.1,25.8,0.1,74,3.76,15.17
2022-10-08,25.7,22.3,23.9,2.6,88,1.58,6.27
2022-10-09,29.0,20.4,24.5,0.0,79,3.23,13.42
2022-10-10,28.1,21.5,24.4,1.5,80,2.74,11.82
2022-10-11,29.0,20.4,24.0,0.3,79,3.15,14.45
2022-10-12,30.6,19.1,24.3,0.0,73,3.9,17.33
2022-10-13,31.5,18.8,24.6,0.0,63,4.32,17.86
2022-10-14,31.8,18.8,24.6,0.0,58,4.43,17.79
2022-10-15,32.0,18.7,24.9,0.0,56,4.36,17.63
2022-10-16,32.0,17.6,24.8,0.0,56,3.91,17.58
2022-10-17,32.3,18.0,24.7,0.0,54,4.23,17.33
2022-10-18,33.0,17.6,24.8,0.0,49,4.32,17.31
2022-10-19,32.4,19.1,24.2,0.0,54,4.19,17.12
2022-10-20,33.5,18.9,25.0,0.0,50,4.73,16.06
2022-10-21,32.8,18.4,24.9,0.0,51,4.59,16.6
2022-10-22,30.3,17.8,23.1,0.0,57,4.08,16.64
2022-10-23,29.9,15.8,22.3,0.0,52,3.88,16.68
2022-10-24,30.4,16.6,22.7,0.0,48,4.36,16.67
2022-10-25,31.4,15.6,22.9,0.0,51,4.57,16.39
2022-10-26,31.6,16.4,23.7,0.0,52,3.73,16.16
2022-10-27,32.0,16.4,23.7,0.0,55,3.7,15.93
2022-10-28,31.9,17.1,23.8,0.0,57,3.67,15.74
2022-10-29,31.0,17.2,24.0,0.0,53,3.71,15.98
2022-10-30,31.7,16.2,23.7,0.0,52,3.93,15.49
2022-10-31,31.6,15.8,23.1,0.0,55,3.61,15.33
2022-11-01,32.7,17.0,23.5,0.0,57,3.66,15.09
2022-11-02,31.1,16.1,23.0,0.0,67,3.63,15.08
2022-11-03,31.8,17.2,23.9,0.0,68,3.5,14.71
2022-11-04,31.8,18.2,24.2,0.0,67,3.31,14.6
2022-11-05,31.8,19.4,24.7,0.0,69,3.64,14.48
2022-11-06,30.2,19.0,23.8,0.0,66,3.14,12.98
2022-11-07,29.5,18.2,22.8,0.0,64,2.45,10.52
2022-11-08,27.6,17.6,21.9,0.0,66,2.66,10.65
2022-11-09,28.5,15.9,21.8,0.0,65,2.98,13.67
2022-11-10,26.4,16.4,21.0,0.7,66,2.84,12.8
2022-11-11,26.8,14.6,20.1,0.0,62,3.29,13.91
2022-11-12,27.1,14.5,20.0,0.0,63,3.28,13.88
2022-11-13,27.9,13.9,20.3,0.0,64,3.04,13.32
2022-11-14,28.2,16.0,21.3,0.0,55,3.54,12.91
2022-11-15,26.4,15.9,20.5,0.2,66,2.7,12.64
2022-11-16,25.0,13.1,18.7,0.0,65,3.02,13.59
2022-11-17,25.1,12.4,18.0,0.0,58,3.37,13.62
2022-11-18,25.2,11.3,17.4,0.0,56,3.1,13.69
2022-11-19,25.2,10.9,17.4,0.0,56,2.88,13.21
2022-11-20,25.5,10.9,17.8,0.0,59,3.13,13.31
2022-11-21,25.7,11.5,17.9,0.0,57,3.14,13.18
2022-11-22,26.2,11.8,18.0,0.0,52,3.39,13.36
2022-11-23,26.0,10.4,17.7,0.0,49,3.57,13.56
2022-11-24,26.1,10.4,18.0,0.0,46,3.38,13.5
2022-11-25,26.0,9.1,17.2,0.0,49,2.94,13.23
2022-11-26,26.0,10.1,16.9,0.0,55,3.2,13.2
2022-11-27,25.4,10.6,17.5,0.0,59,2.71,13.1
2022-11-28,24.5,11.1,16.7,0.0,62,2.52,13.06
2022-11-29,24.7,9.5,17.1,0.0,63,2.61,12.82
2022-11-30,24.3,10.2,16.4,0.0,71,2.46,12.76
2022-12-01,24.5,10.0,16.6,0.0,70,2.55,12.64
2022-12-02,24.0,9.8,17.1,0.0,68,2.24,12.16
2022-12-03,24.6,10.2,16.5,0.0,69,2.43,12.57
2022-12-04,23.7,10.1,15.9,0.0,70,2.4,12.58
2022-12-05,23.0,9.8,15.4,0.0,71,2.31,12.43
2022-12-06,23.4,10.5,15.9,0.0,70,2.59,12.52
2022-12-07,23.5,10.4,16.1,0.0,71,2.61,12.39
2022-12-08,24.4,9.6,16.0,0.0,73,2.44,12.2
2022-12-09,24.9,11.6,17.0,0.0,69,2.36,12.16
2022-12-10,25.0,10.8,16.7,0.0,71,2.34,12.05
2022-12-11,25.5,10.8,17.0,0.0,65,2.66,12.26
2022-12-12,25.1,10.3,16.4,0.0,58,2.83,12.4
2022-12-13,24.6,9.8,16.5,0.0,54,3.3,12.32
2022-12-14,23.0,9.6,15.3,0.0,54,3.05,12.62
2022-12-15,22.5,8.6,14.4,0.0,58,2.75,12.48
2022-12-16,22.5,7.4,14.8,0.0,60,2.51,12.59
2022-12-17,22.6,6.8,14.4,0.0,65,2.39,12.45
2022-12-18,22.5,7.1,15.3,0.0,72,2.08,12.29
2022-12-19,22.0,6.7,14.6,0.0,74,2.09,12.23
2022-12-20,21.5,7.6,13.5,0.0,75,2.03,11.51
2022-12-21,20.8,7.2,12.4,0.0,79,2.05,12.39
2022-12-22,19.8,5.9,11.3,0.0,85,1.85,11.67
2022-12-23,17.6,6.8,10.5,0.0,86,1.62,10.52
2022-12-24,18.0,5.8,10.7,0.0,85,1.9,12.46
2022-12-25,17.1,4.3,9.7,0.0,84,1.83,12.14
2022-12-26,18.2,4.2,9.8,0.0,84,1.89,12.3
2022-12-27,19.0,5.8,11.0,0.0,79,2.0,11.93
2022-12-28,20.0,6.5,12.2,0.0,79,2.07,12.21
2022-12-29,19.4,8.6,14.0,0.9,75,1.5,6.65
2022-12-30,20.3,11.4,14.9,0.0,74,2.27,12.05
2022-12-31,18.6,8.4,12.4,0.0,82,2.0,12.42
2023-01-01,18.6,6.1,12.1,0.0,75,1.92,11.94
2023-01-02,18.4,5.2,10.9,0.0,80,1.97,12.51
2023-01-03,17.1,5.5,10.0,0.0,85,1.88,12.21
2023-01-04,17.4,4.2,9.7,0.0,84,1.9,12.79
2023-01-05,16.5,4.1,8.7,0.0,88,1.64,11.35
2023-01-06,13.4,3.2,6.9,0.0,91,1.26,9.2
2023-01-07,15.0,4.0,7.7,0.0,90,1.44,10.54
2023-01-08,17.4,4.6,10.1,0.0,87,1.59,10.97
2023-01-09,17.4,3.4,10.3,0.0,88,1.42,9.28
2023-01-10,18.8,5.3,10.2,0.0,90,1.66,10.86
2023-01-11,19.6,7.1,12.2,0.0,84,1.93,11.33
2023-01-12,21.0,10.6,14.8,0.0,81,2.17,12.65
2023-01-13,20.5,10.9,14.2,0.1,87,1.8,10.67
2023-01-14,15.5,4.9,9.9,0.0,71,2.16,13.91
2023-01-15,15.6,3.2,8.7,0.0,59,2.45,14.08
2023-01-16,16.1,2.0,8.3,0.0,64,2.32,14.07
2023-01-17,16.8,1.4,8.4,0.0,64,2.38,14.09
2023-01-18,17.2,3.5,9.8,0.0,60,2.34,13.91
2023-01-19,18.8,7.2,12.7,3.4,61,2.29,12.41
2023-01-20,18.3,10.4,13.4,1.4,75,2.03,10.62
2023-01-21,20.0,6.5,12.5,0.0,77,2.35,13.93
2023-01-22,19.6,9.0,13.2,0.0,76,1.89,10.5
2023-01-23,21.9,9.4,14.7,0.0,70,2.48,13.32
2023-01-24,20.3,9.4,14.3,1.4,84,1.96,11.81
2023-01-25,20.0,10.1,14.1,0.0,77,2.3,12.9
2023-01-26,18.1,7.2,11.5,0.0,70,2.47,14.18
2023-01-27,18.4,4.8,10.8,0.0,62,2.71,15.28
2023-01-28,20.0,4.4,11.8,0.0,64,2.62,15.15
2023-01-29,18.0,6.9,12.9,1.3,80,1.25,5.25
2023-01-30,20.9,11.1,15.0,1.5,79,2.22,12.59
2023-01-31,20.0,9.7,13.7,0.0,81,2.54,15.17
2023-02-01,20.8,8.3,13.4,0.0,73,2.73,15.51
2023-02-02,22.6,7.8,14.3,0.0,64,3.12,15.59
2023-02-03,23.6,8.4,15.1,0.0,64,3.16,15.57
2023-02-04,24.0,9.3,15.7,0.0,66,3.17,15.58
2023-02-05,24.6,9.1,16.3,0.0,63,3.16,15.94
2023-02-06,26.0,11.6,17.8,0.0,65,3.16,15.44
2023-02-07,23.8,11.5,16.4,0.0,64,3.42,16.12
2023-02-08,24.1,8.4,15.8,0.0,55,3.47,16.15
2023-02-09,29.0,9.8,18.5,0.0,50,4.17,16.03
2023-02-10,27.0,13.7,19.3,0.0,56,3.54,16.13
2023-02-11,26.3,11.8,18.3,0.0,57,4.02,16.69
2023-02-12,22.1,8.9,15.2,0.0,42,4.28,17.19
2023-02-13,21.7,8.1,14.6,0.0,32,4.69,17.22
2023-02-14,25.3,8.6,16.4,0.0,45,4.05,16.89
2023-02-15,27.0,11.1,18.0,0.0,57,3.91,17.13
2023-02-16,27.9,11.2,19.0,0.0,64,3.43,17.32
2023-02-17,28.0,12.1,19.3,0.0,73,3.39,17.52
2023-02-18,27.8,12.8,19.5,0.0,72,3.42,17.77
2023-02-19,29.4,12.3,20.4,0.0,68,3.62,17.39
2023-02-20,32.3,14.8,22.3,0.0,59,4.17,17.29
2023-02-21,29.5,14.6,21.6,0.0,57,4.38,17.99
2023-02-22,28.3,13.9,20.5,0.0,60,3.97,16.73
2023-02-23,28.1,13.4,20.0,0.0,49,4.52,18.71
2023-02-24,28.6,11.6,19.5,0.0,53,4.13,18.46
2023-02-25,29.3,13.4,21.2,0.0,52,4.2,18.41
2023-02-26,30.3,15.1,22.3,0.0,48,4.45,17.59
2023-02-27,30.5,14.8,22.2,0.0,51,4.46,18.19
2023-02-28,28.5,14.7,21.2,0.0,51,4.68,17.44
2023-03-01,28.8,15.9,21.4,0.7,54,4.42,18.1
2023-03-02,29.2,14.7,20.9,0.1,63,3.83,18.59
2023-03-03,29.6,15.6,21.7,0.9,59,4.23,18.18
2023-03-04,28.0,16.4,21.6,0.0,58,3.68,16.3
2023-03-05,29.1,14.5,21.3,0.0,56,4.49,18.97
2023-03-06,28.9,14.3,20.9,0.0,53,4.58,19.54
2023-03-07,29.5,15.2,21.9,0.0,44,4.77,19.92
2023-03-08,28.5,15.2,21.9,0.0,46,4.19,19.23
2023-03-09,29.0,15.9,21.9,0.0,53,4.31,19.92
2023-03-10,30.0,14.6,22.3,0.0,52,4.64,20.41
2023-03-11,30.6,14.9,23.1,0.0,48,4.51,20.35
2023-03-12,32.5,16.5,24.3,0.0,47,4.93,20.24
2023-03-13,30.9,18.2,23.6,0.3,51,3.91,15.26
2023-03-14,32.5,16.5,23.9,0.0,47,5.17,20.81
2023-03-15,32.8,17.3,24.6,0.0,41,5.34,20.34
2023-03-16,31.2,18.8,23.9,0.2,44,4.95,16.99
2023-03-17,28.6,18.3,21.8,1.5,62,3.79,17.41
2023-03-18,26.2,17.0,20.2,3.7,74,3.52,16.96
2023-03-19,25.6,15.4,20.0,6.4,80,3.45,18.38
2023-03-20,21.8,15.4,18.2,6.7,87,1.89,9.82
2023-03-21,24.5,14.2,19.1,0.6,78,3.54,18.59
2023-03-22,26.6,14.6,20.2,0.0,74,3.97,20.89
2023-03-23,28.1,14.6,21.3,0.0,67,4.35,21.27
2023-03-24,28.2,17.5,21.2,3.6,70,4.17,18.87
2023-03-25,28.0,16.5,21.2,0.0,69,4.28,21.01
2023-03-26,28.0,15.1,21.5,0.0,60,4.71,20.51
2023-03-27,27.4,14.4,20.8,0.0,62,4.71,22.41
2023-03-28,29.4,15.8,22.4,0.0,57,4.87,21.44
2023-03-29,31.8,17.0,23.5,0.8,51,5.19,19.16
2023-03-30,30.0,18.5,22.2,2.7,63,4.34,18.17
2023-03-31,25.8,16.6,19.8,6.4,77,3.47,17.06
2023-04-01,26.4,14.9,20.3,2.2,77,4.02,20.16
2023-04-02,28.8,15.0,21.7,0.0,70,4.54,21.47
2023-04-03,31.5,16.2,23.1,0.0,59,5.29,21.58
2023-04-04,28.1,16.9,22.1,0.0,61,5.06,22.91
2023-04-05,30.1,15.6,22.9,0.0,51,5.49,23.79
2023-04-06,30.9,17.3,23.9,0.0,45,5.99,23.21
2023-04-07,30.9,16.6,23.3,0.0,45,5.85,24.37
2023-04-08,32.0,15.4,24.0,0.0,37,6.07,24.4
2023-04-09,33.5,17.0,25.0,0.0,33,6.53,24.16
2023-04-10,33.7,17.2,25.7,0.0,32,6.7,23.97
2023-04-11,36.2,19.2,27.8,0.0,30,6.91,23.38
2023-04-12,35.5,21.9,28.9,0.0,29,7.35,21.65
2023-04-13,37.0,19.8,28.6,0.0,30,7.08,24.38
2023-04-14,37.5,20.1,29.4,0.0,30,6.49,24.56
2023-04-15,39.3,20.5,30.4,0.0,23,6.98,23.74
2023-04-16,38.7,22.2,31.0,0.0,27,7.29,22.16
2023-04-17,39.1,22.3,31.0,0.0,30,6.65,22.66
2023-04-18,39.2,25.0,31.7,0.0,27,7.98,23.38
2023-04-19,35.0,24.0,29.2,0.0,38,6.39,18.95
2023-04-20,34.2,22.5,28.0,0.0,41,6.25,22.68
2023-04-21,35.0,20.8,28.0,0.0,34,7.05,24.45
2023-04-22,34.5,19.5,27.5,0.0,27,7.18,24.32
2023-04-23,33.0,19.0,25.8,1.2,33,6.13,22.63
2023-04-24,33.8,19.2,26.7,0.0,32,6.64,24.1
2023-04-25,34.2,20.8,27.5,0.0,32,7.07,23.88
2023-04-26,35.7,20.9,29.1,0.0,28,6.31,21.96
2023-04-27,36.0,23.9,29.0,0.0,30,6.95,19.78
2023-04-28,33.1,23.0,27.6,0.6,38,4.99,16.75
2023-04-29,30.6,21.6,26.2,0.4,47,4.47,13.84
2023-04-30,30.0,21.1,24.9,3.2,56,4.23,18.01
2023-05-01,28.1,20.0,22.7,8.5,73,3.47,15.51
2023-05-02,28.2,19.4,23.4,7.3,74,4.16,19.68
2023-05-03,29.2,19.5,24.1,3.6,69,4.37,19.66
2023-05-04,31.5,19.5,25.5,0.9,60,5.0,21.84
2023-05-05,33.0,20.3,26.8,0.8,50,5.27,20.43
2023-05-06,35.8,21.5,28.5,0.0,39,6.45,21.69
2023-05-07,39.3,21.8,29.7,0.0,30,7.44,23.73
2023-05-08,38.2,21.5,30.3,0.0,24,8.09,24.46
2023-05-09,36.5,20.6,29.3,0.0,31,7.99,24.62
2023-05-10,36.8,21.0,29.3,0.0,24,8.17,24.94
2023-05-11,39.0,22.0,30.8,0.0,24,7.64,24.47
2023-05-12,41.5,22.7,33.0,0.0,21,7.99,23.73
2023-05-13,42.5,25.0,33.8,0.0,24,7.98,23.48
2023-05-14,40.0,25.5,33.1,0.0,26,7.54,20.88
2023-05-15,41.2,25.4,33.5,0.0,22,7.89,23.55
2023-05-16,39.8,25.7,32.7,0.0,27,7.66,22.06
2023-05-17,40.7,25.5,33.7,0.0,24,7.01,19.85
2023-05-18,37.2,22.8,30.9,0.0,37,7.0,23.09
2023-05-19,38.5,25.2,31.8,0.0,33,8.25,23.7
2023-05-20,40.5,24.1,32.5,0.0,29,7.73,23.47
2023-05-21,42.2,26.2,35.0,0.0,22,7.38,20.95
2023-05-22,42.4,27.2,35.2,0.0,23,8.71,20.43
2023-05-23,41.9,30.1,34.6,0.0,31,8.06,18.68
2023-05-24,37.2,25.6,30.3,13.6,51,6.0,16.2
2023-05-25,34.0,23.7,27.8,0.2,62,5.24,21.04
2023-05-26,34.5,22.8,28.4,0.0,56,5.42,20.94
2023-05-27,33.2,21.1,27.4,18.8,64,5.34,20.68
2023-05-28,34.0,23.0,28.8,5.5,61,4.98,19.41
2023-05-29,32.8,22.4,26.8,10.6,70,4.1,16.08
2023-05-30,33.5,22.3,27.0,0.7,65,5.05,21.66
2023-05-31,28.3,21.7,24.0,7.5,79,3.6,17.59
2023-06-01,31.7,20.8,25.8,0.0,68,4.94,21.31
2023-06-02,31.2,21.2,26.3,0.5,63,5.24,22.59
2023-06-03,33.8,21.1,27.9,0.0,59,5.44,23.3
2023-06-04,34.7,23.0,28.9,0.0,60,5.15,21.39
2023-06-05,35.5,24.8,29.8,0.2,54,6.03,21.65
2023-06-06,37.0,23.4,30.3,0.0,47,5.61,21.71
2023-06-07,36.8,23.8,30.2,0.2,44,6.25,22.89
2023-06-08,38.3,25.4,31.4,0.0,42,6.27,22.51
2023-06-09,40.0,24.6,32.5,0.2,41,6.86,21.34
2023-06-10,39.0,27.1,31.6,0.7,52,6.12,20.01
2023-06-11,38.0,26.2,32.3,0.0,51,6.57,22.1
2023-06-12,40.3,27.2,33.7,0.0,51,7.4,22.16
2023-06-13,41.2,29.0,35.0,0.0,38,8.6,22.08
2023-06-14,39.3,30.0,34.8,0.0,40,8.24,21.16
2023-06-15,36.8,28.0,32.4,0.7,50,6.63,20.29
2023-06-16,36.2,27.6,31.0,0.4,59,5.22,18.52
2023-06-17,36.2,27.9,31.1,0.7,60,3.65,10.54
2023-06-18,36.4,26.5,30.9,5.4,68,4.58,16.89
2023-06-19,37.5,27.2,31.6,1.4,60,5.33,20.24
2023-06-20,38.5,27.3,33.3,0.0,57,5.74,21.65
2023-06-21,39.3,29.1,33.3,0.3,61,6.23,20.66
2023-06-22,40.5,30.2,34.0,7.2,57,5.9,18.81
2023-06-23,41.0,31.1,35.1,0.0,52,7.04,20.61
2023-06-24,41.0,32.1,35.9,0.0,46,7.05,21.12
2023-06-25,35.8,27.9,31.8,1.5,64,5.2,16.75
2023-06-26,34.4,25.4,29.4,14.9,73,4.01,16.47
2023-06-27,35.8,25.9,30.6,2.7,71,5.2,21.14
2023-06-28,35.7,27.6,31.0,0.0,69,5.63,22.0
2023-06-29,34.3,27.6,30.2,5.7,75,4.55,19.61
2023-06-30,35.8,27.4,31.2,0.4,68,5.36,21.9
2023-07-01,36.9,26.0,31.2,0.6,67,5.33,22.12
2023-07-02,37.5,27.7,32.5,0.0,61,5.75,22.37
2023-07-03,38.3,28.6,33.2,0.0,58,5.92,21.05
2023-07-04,39.1,29.3,33.6,0.0,61,6.07,21.88
2023-07-05,35.5,28.1,30.8,2.6,72,5.2,19.53
2023-07-06,35.3,27.2,30.7,0.3,73,5.1,20.43
2023-07-07,35.0,27.4,30.3,1.5,73,4.75,18.75
2023-07-08,31.0,26.6,27.6,44.6,89,2.23,9.7
2023-07-09,32.8,25.6,28.3,12.6,84,3.29,14.71
2023-07-10,31.6,26.1,28.0,4.3,88,2.63,11.68
2023-07-11,34.1,25.4,29.5,0.1,79,4.98,21.98
2023-07-12,34.5,26.0,30.0,0.5,77,5.07,21.84
2023-07-13,34.5,26.5,29.6,1.9,80,4.53,20.26
2023-07-14,34.3,27.1,30.5,0.7,75,4.61,20.2
2023-07-15,34.5,27.7,30.6,0.8,76,4.5,19.1
2023-07-16,34.6,27.5,30.2,7.2,78,4.26,18.21
2023-07-17,33.7,26.6,29.7,4.8,81,4.24,18.79
2023-07-18,33.2,26.5,29.4,9.5,82,3.91,16.68
2023-07-19,32.7,26.1,29.1,9.0,83,3.7,15.69
2023-07-20,35.2,26.7,30.9,8.7,77,4.8,20.73
2023-07-21,36.5,28.2,31.6,4.0,72,5.08,21.17
2023-07-22,34.2,27.5,30.8,4.5,76,4.73,17.81
2023-07-23,34.4,28.7,31.5,0.1,70,5.39,19.9
2023-07-24,35.1,28.4,31.6,0.1,72,5.43,21.32
2023-07-25,35.3,26.8,30.7,6.5,77,4.86,20.91
2023-07-26,32.8,26.0,28.7,4.5,83,3.12,13.59
2023-07-27,33.5,26.4,29.0,6.4,83,3.73,16.73
2023-07-28,32.6,25.6,27.8,23.9,86,3.46,15.64
2023-07-29,31.8,25.5,28.3,0.9,83,4.23,19.37
2023-07-30,32.8,24.7,28.6,1.5,80,3.89,17.13
2023-07-31,34.2,25.4,29.7,0.8,77,5.01,21.02
2023-08-01,35.0,26.4,30.8,0.7,72,5.44,20.78
2023-08-02,35.5,27.2,31.2,1.2,73,5.48,21.21
2023-08-03,35.0,26.4,30.6,0.3,74,5.29,21.91
2023-08-04,35.2,27.9,30.9,0.5,71,4.9,20.11
2023-08-05,36.0,27.6,31.7,0.0,66,5.49,21.68
2023-08-06,36.2,28.0,31.9,0.0,62,6.76,22.45
2023-08-07,36.0,27.5,31.2,0.0,61,6.36,20.53
2023-08-08,36.5,27.3,31.4,0.0,62,6.49,21.59
2023-08-09,36.6,28.0,31.9,0.0,60,6.23,21.57
2023-08-10,35.7,28.1,31.7,0.0,60,5.96,21.77
2023-08-11,36.5,29.3,32.3,0.0,55,6.14,20.93
2023-08-12,37.4,29.2,32.9,0.4,51,6.99,21.54
2023-08-13,36.9,28.5,32.4,0.0,55,7.06,21.95
2023-08-14,34.7,27.9,31.0,0.0,60,5.82,19.82
2023-08-15,36.6,27.0,31.7,0.0,61,5.51,22.25
2023-08-16,37.5,27.9,32.5,0.0,56,6.0,21.27
2023-08-17,37.2,28.8,33.0,0.0,52,6.48,21.92
2023-08-18,37.4,28.4,32.9,0.0,56,6.05,22.23
2023-08-19,35.2,28.6,31.7,1.3,69,4.91,19.96
2023-08-20,37.2,29.0,32.7,0.0,65,5.88,22.05
2023-08-21,37.8,29.0,33.5,0.2,63,5.42,21.66
2023-08-22,38.7,30.0,34.1,0.0,59,5.4,16.92
2023-08-23,37.0,30.6,33.2,0.1,55,6.28,16.26
2023-08-24,36.0,28.4,31.4,0.0,55,6.86,21.52
2023-08-25,36.1,27.9,31.8,0.0,54,6.37,18.86
2023-08-26,36.2,28.2,32.0,0.0,52,6.18,20.95
2023-08-27,37.0,28.8,32.1,0.0,48,6.66,20.82
2023-08-28,34.5,26.0,30.5,0.2,60,5.65,20.92
2023-08-29,37.7,27.9,32.0,0.0,53,6.27,21.89
2023-08-30,36.7,27.5,31.5,0.0,56,5.64,21.76
2023-08-31,37.5,26.4,31.8,0.0,54,6.14,21.59
2023-09-01,38.3,26.9,32.4,0.0,51,6.32,21.64
2023-09-02,38.4,26.5,32.0,0.0,49,6.81,22.5
2023-09-03,38.0,25.5,31.3,0.0,50,6.64,22.54
2023-09-04,37.2,25.3,31.3,0.0,52,6.3,22.47
2023-09-05,36.9,26.5,31.6,0.0,56,6.18,22.29
2023-09-06,37.0,27.0,31.5,0.0,60,5.56,21.21
2023-09-07,38.0,27.2,32.3,0.0,57,5.49,21.38
2023-09-08,36.5,27.5,31.6,0.0,61,5.63,21.33
2023-09-09,34.7,27.1,30.1,0.0,68,4.67,17.02
2023-09-10,34.0,25.7,29.5,0.1,70,5.02,19.56
2023-09-11,35.1,25.3,30.1,0.0,67,5.37,20.73
2023-09-12,36.5,26.8,31.4,0.1,62,5.07,21.02
2023-09-13,34.5,28.5,31.4,0.8,67,4.56,17.72
2023-09-14,36.3,28.0,31.4,1.2,69,4.84,18.37
2023-09-15,33.0,26.3,29.4,9.4,78,4.15,17.67
2023-09-16,32.0,26.3,28.7,8.0,81,3.54,14.76
2023-09-17,32.2,25.6,27.8,12.3,84,3.26,13.22
2023-09-18,31.5,25.1,28.0,0.1,76,4.12,15.57
2023-09-19,33.3,25.7,28.6,0.4,78,4.22,17.88
2023-09-20,33.6,26.5,29.8,0.9,73,4.25,18.15
2023-09-21,34.7,26.2,30.3,2.5,70,4.4,18.45
2023-09-22,35.0,26.2,30.3,0.6,72,4.21,17.85
2023-09-23,33.1,25.2,29.2,1.9,74,4.08,18.08
2023-09-24,33.8,23.7,28.4,1.3,74,4.08,17.84
2023-09-25,34.0,24.7,29.0,0.0,71,4.24,18.71
2023-09-26,33.5,25.1,29.1,0.1,68,4.43,18.22
2023-09-27,34.3,23.6,28.1,0.0,63,5.04,20.29
2023-09-28,34.4,21.6,27.6,0.0,59,4.78,20.12
2023-09-29,35.2,21.2,27.9,0.0,58,4.84,20.1
2023-09-30,35.2,21.4,28.0,0.0,56,5.22,19.72
2023-10-01,35.0,20.8,27.0,0.0,52,5.26,19.9
2023-10-02,34.2,21.2,27.0,0.0,41,5.56,19.95
2023-10-03,34.2,20.0,26.8,0.0,43,5.68,19.77
2023-10-04,34.6,19.6,27.0,0.0,48,5.34,19.6
2023-10-05,35.2,18.9,26.5,0.0,49,5.11,19.52
2023-10-06,35.3,20.9,27.3,0.0,51,5.3,19.14
2023-10-07,36.4,23.4,29.0,0.0,58,5.05,18.27
2023-10-08,36.5,23.6,29.4,0.0,59,4.9,17.69
2023-10-09,36.5,24.1,29.2,0.0,55,5.16,17.87
2023-10-10,35.5,23.6,28.8,0.0,50,5.53,17.95
2023-10-11,33.0,21.3,26.1,0.0,60,4.71,18.33
2023-10-12,33.5,19.1,25.8,0.0,56,4.43,18.01
2023-10-13,35.3,20.4,27.3,0.0,57,4.66,17.28
2023-10-14,35.3,22.2,27.9,0.0,54,4.56,16.53
2023-10-15,34.0,21.3,26.4,0.0,61,4.26,16.29
2023-10-16,28.5,20.4,23.4,12.7,72,3.24,12.75
2023-10-17,26.1,18.4,21.6,2.3,75,2.68,12.33
2023-10-18,27.9,17.5,21.8,0.0,69,3.65,16.99
2023-10-19,27.9,16.7,21.6,0.0,66,3.55,16.82
2023-10-20,28.5,16.5,21.8,0.0,68,3.48,16.84
2023-10-21,29.4,16.5,22.5,0.0,69,3.48,16.59
2023-10-22,30.2,17.4,23.0,0.0,67,3.48,15.7
2023-10-23,29.5,17.1,22.8,0.0,69,3.5,16.26
2023-10-24,29.8,17.1,22.8,0.4,65,3.75,15.99
2023-10-25,29.8,16.6,22.8,0.0,63,3.77,16.06
2023-10-26,30.1,15.9,22.3,0.0,62,3.78,16.32
2023-10-27,30.4,15.6,22.9,0.0,57,3.64,16.01
2023-10-28,31.1,16.5,23.3,0.0,59,3.43,14.58
2023-10-29,31.1,17.0,23.3,0.0,65,3.46,15.38
2023-10-30,31.1,17.5,23.6,0.0,70,3.31,15.16
2023-10-31,30.7,17.8,23.8,0.0,68,3.36,15.04
2023-11-01,30.9,17.9,23.9,0.0,68,3.28,14.79
2023-11-02,30.5,18.6,23.7,0.0,67,3.54,14.61
2023-11-03,30.4,16.6,22.3,0.1,62,3.26,13.78
2023-11-04,29.7,15.3,22.0,0.0,61,3.4,14.27
2023-11-05,29.8,15.6,22.2,0.0,61,3.31,14.8
2023-11-06,29.4,15.4,21.6,0.0,65,3.23,14.64
2023-11-07,30.3,15.9,22.2,0.0,64,3.17,14.2
2023-11-08,29.3,16.4,22.1,0.0,67,2.98,14.11
2023-11-09,29.4,16.6,22.4,0.0,62,3.01,14.06
2023-11-10,25.5,16.5,20.3,0.6,74,2.4,9.77
2023-11-11,24.5,15.4,18.7,0.0,80,2.61,13.73
2023-11-12,25.0,13.2,18.3,0.0,74,2.75,13.95
2023-11-13,25.0,12.9,18.9,0.0,73,2.56,13.83
2023-11-14,25.2,13.2,19.0,0.0,69,2.61,13.33
2023-11-15,25.1,11.9,18.4,0.0,71,2.59,13.82
2023-11-16,25.6,12.8,19.5,0.0,68,2.5,13.48
2023-11-17,26.3,13.4,20.1,0.0,70,2.54,13.22
2023-11-18,26.2,13.3,19.4,0.0,71,2.46,13.16
2023-11-19,25.9,14.4,19.4,0.0,70,2.6,12.41
2023-11-20,25.7,13.8,19.0,0.0,69,2.65,12.97
2023-11-21,24.8,13.4,18.3,0.0,64,2.88,13.04
2023-11-22,24.9,12.1,17.9,0.0,64,2.82,13.29
2023-11-23,25.0,10.6,17.2,0.0,71,2.49,13.19
2023-11-24,24.9,11.4,17.9,0.0,73,2.44,12.92
2023-11-25,24.2,11.5,17.3,0.0,76,2.18,11.96
2023-11-26,25.0,13.7,18.5,0.0,74,2.18,9.32
2023-11-27,21.8,14.6,16.9,4.1,83,1.15,5.22
2023-11-28,22.6,13.2,17.2,1.2,84,2.05,10.93
2023-11-29,23.7,12.6,17.6,0.0,84,2.02,11.05
2023-11-30,23.2,13.2,17.2,1.1,86,1.98,10.97
2023-12-01,23.5,13.8,17.4,0.0,85,2.1,11.57
2023-12-02,23.5,11.6,17.1,0.0,79,2.17,12.09
2023-12-03,23.7,11.8,17.7,0.0,72,2.26,12.33
2023-12-04,22.9,10.7,16.6,0.0,69,2.38,12.28
2023-12-05,22.3,9.8,15.5,0.0,74,2.23,12.34
2023-12-06,23.0,10.3,15.7,0.0,81,2.15,12.27
2023-12-07,23.0,9.5,15.4,0.0,79,2.2,12.38
2023-12-08,23.1,9.8,15.6,0.0,77,2.23,12.32
2023-12-09,23.2,8.9,15.1,0.0,71,2.34,12.38
2023-12-10,22.5,8.8,14.6,0.0,73,2.36,12.39
2023-12-11,22.1,7.7,14.6,0.0,72,2.15,12.37
2023-12-12,22.7,9.6,15.0,0.0,74,2.18,12.16
2023-12-13,22.6,8.5,14.7,0.0,71,2.26,12.16
2023-12-14,22.0,8.8,14.6,0.0,73,2.23,12.13
2023-12-15,21.8,6.8,13.9,0.0,73,2.06,12.06
2023-12-16,22.2,7.8,14.3,0.0,69,2.26,12.16
2023-12-17,22.6,8.6,14.7,0.0,69,2.3,12.01
2023-12-18,21.5,8.5,14.0,0.0,68,2.52,12.24
2023-12-19,21.3,7.7,13.7,0.0,67,2.43,12.43
2023-12-20,21.3,7.3,13.4,0.0,69,2.28,12.41
2023-12-21,21.4,6.1,13.0,0.0,73,2.18,12.29
2023-12-22,21.4,5.9,13.5,0.0,75,1.98,11.73
2023-12-23,21.7,8.9,14.3,0.0,80,2.09,12.01
2023-12-24,22.5,8.4,14.7,0.0,80,2.09,11.94
2023-12-25,23.3,8.9,15.1,0.0,78,2.16,12.1
2023-12-26,22.8,9.4,15.3,0.0,75,1.97,11.4
2023-12-27,22.2,8.8,14.2,0.0,81,2.12,12.25
2023-12-28,20.4,8.4,12.9,0.0,90,1.79,11.05
2023-12-29,18.2,8.5,11.5,0.0,92,1.43,9.21
2023-12-30,16.9,7.8,10.7,0.0,91,1.38,8.91
2023-12-31,16.0,6.6,9.6,0.0,91,1.35,9.05
2024-01-01,15.6,4.8,9.0,0.0,88,1.63,11.23
2024-01-02,14.3,4.4,8.5,0.0,88,1.59,11.52
2024-01-03,14.6,4.3,8.5,0.0,89,1.45,10.07
2024-01-04,16.1,3.8,8.9,0.0,88,1.66,11.53
2024-01-05,16.1,4.6,10.9,0.1,86,1.25,7.72
2024-01-06,16.4,6.7,10.9,0.0,83,1.74,11.6
2024-01-07,17.2,7.6,12.1,0.0,83,1.89,12.45
2024-01-08,17.4,6.6,10.3,0.0,90,1.68,11.37
2024-01-09,16.6,4.5,9.7,0.0,86,1.79,12.0
2024-01-10,15.6,3.2,8.5,0.0,83,1.86,13.11
2024-01-11,15.9,3.8,8.6,0.0,90,1.59,11.14
2024-01-12,17.1,3.9,8.8,0.0,88,1.65,11.29
2024-01-13,18.2,4.9,9.6,0.0,88,1.66,10.8
2024-01-14,17.0,4.8,8.7,0.0,88,1.67,11.43
2024-01-15,15.1,3.6,7.9,0.0,88,1.63,11.72
2024-01-16,16.0,3.6,8.0,0.0,90,1.6,11.48
2024-01-17,18.5,5.7,10.8,0.0,84,2.03,13.49
2024-01-18,17.6,4.4,10.2,0.0,86,2.02,13.63
2024-01-19,16.9,4.8,9.7,0.0,90,1.71,11.75
2024-01-20,16.8,5.1,9.8,0.0,88,1.96,13.85
2024-01-21,16.2,4.4,8.8,0.0,90,1.67,11.89
2024-01-22,16.0,4.0,8.6,0.0,88,1.74,12.32
2024-01-23,18.4,4.4,10.6,0.0,87,2.06,13.78
2024-01-24,17.0,5.2,9.3,0.0,90,1.89,12.95
2024-01-25,15.4,4.5,8.7,0.0,90,1.5,10.03
2024-01-26,18.0,5.0,9.9,0.0,88,1.87,12.45
2024-01-27,20.3,5.2,11.9,0.0,81,2.35,14.46
2024-01-28,19.9,6.4,13.0,0.0,82,1.91,10.98
2024-01-29,20.8,9.9,14.1,0.0,88,2.22,14.05
2024-01-30,20.4,8.2,13.3,0.0,91,2.03,12.59
2024-01-31,19.2,10.9,14.2,1.7,93,1.37,8.42
2024-02-01,22.2,9.6,15.2,0.0,82,2.55,14.92
2024-02-02,19.2,7.9,12.9,0.0,85,2.22,13.48
2024-02-03,20.5,7.2,13.4,0.9,72,2.29,12.77
2024-02-04,21.1,12.7,15.9,12.4,84,1.93,10.58
2024-02-05,18.6,8.1,13.3,0.1,86,2.31,14.91
2024-02-06,18.7,6.4,11.5,0.0,77,2.6,16.09
2024-02-07,17.5,6.3,11.4,0.0,73,1.86,10.02
2024-02-08,19.5,8.1,13.0,0.0,66,3.06,16.53
2024-02-09,20.9,6.8,12.9,0.0,68,2.89,16.71
2024-02-10,20.2,5.6,12.4,0.0,77,2.72,16.63
2024-02-11,20.6,6.8,13.1,0.0,75,2.84,16.89
2024-02-12,20.1,8.4,14.1,0.0,73,2.48,14.33
2024-02-13,20.6,9.4,14.2,0.0,75,2.55,15.21
2024-02-14,21.8,8.1,14.2,0.0,76,2.86,16.67
2024-02-15,23.2,8.1,15.4,0.0,71,3.16,17.24
2024-02-16,23.4,7.6,15.2,0.0,67,3.24,17.58
2024-02-17,24.5,7.7,15.6,0.0,68,3.37,17.62
2024-02-18,28.4,9.6,18.1,0.0,64,3.9,16.79
2024-02-19,28.3,15.8,20.6,0.0,57,4.71,17.15
2024-02-20,26.4,12.4,18.4,0.0,64,3.82,17.95
2024-02-21,24.0,11.1,16.8,0.0,57,3.81,18.37
2024-02-22,22.3,9.5,15.5,0.0,60,3.57,18.35
2024-02-23,21.5,8.8,14.7,0.0,53,3.74,18.55
2024-02-24,22.1,8.8,15.3,0.0,48,3.71,18.13
2024-02-25,23.4,7.8,15.8,0.0,50,3.98,18.27
2024-02-26,23.0,11.2,16.3,0.0,55,3.21,15.21
2024-02-27,21.9,11.9,16.2,1.0,59,2.99,12.75
2024-02-28,23.0,9.5,16.0,0.0,64,3.69,18.94
2024-02-29,25.2,10.0,17.1,0.0,65,3.67,19.26
2024-03-01,25.4,12.9,18.4,2.2,68,3.41,14.25
2024-03-02,23.5,16.4,19.6,11.0,71,3.09,13.07
2024-03-03,20.9,8.8,14.3,0.0,46,4.05,20.36
2024-03-04,20.1,6.3,13.3,0.0,52,3.76,19.76
2024-03-05,19.9,6.8,13.2,0.0,55,3.52,18.45
2024-03-06,21.5,6.9,14.4,0.0,56,3.77,20.38
2024-03-07,23.6,8.8,16.9,0.0,54,4.03,19.94
2024-03-08,24.0,10.2,17.1,0.0,53,4.24,20.6
2024-03-09,24.7,10.6,17.1,0.0,54,4.51,20.88
2024-03-10,26.0,11.7,18.5,0.0,55,4.11,20.03
2024-03-11,28.4,12.7,20.5,0.0,52,4.75,20.51
2024-03-12,27.7,12.2,20.0,0.0,57,4.72,20.71
2024-03-13,26.5,13.4,19.3,0.1,61,3.56,15.42
2024-03-14,27.4,12.2,19.7,0.0,58,4.69,20.92
2024-03-15,25.9,12.9,18.6,0.0,50,5.05,22.15
2024-03-16,26.6,10.9,18.4,0.0,55,4.47,21.93
2024-03-17,27.6,10.9,19.0,0.0,55,4.6,21.08
2024-03-18,28.2,11.7,19.7,0.0,56,4.86,22.12
2024-03-19,29.1,12.9,21.1,0.0,52,4.99,21.35
2024-03-20,30.3,12.8,21.4,0.0,55,4.91,22.29
2024-03-21,29.1,14.6,22.3,0.0,58,5.13,21.71
2024-03-22,30.9,18.5,24.1,0.0,57,5.44,21.97
2024-03-23,32.0,16.6,24.4,0.0,54,5.3,22.18
2024-03-24,28.8,17.1,23.0,0.0,56,4.34,15.43
2024-03-25,31.2,16.3,23.9,0.0,58,5.08,22.28
2024-03-26,33.0,17.4,25.0,0.0,52,4.92,19.28
2024-03-27,34.7,19.2,27.0,0.0,50,5.55,19.75
2024-03-28,35.0,20.2,27.1,0.0,51,5.67,20.71
2024-03-29,35.0,19.0,26.6,0.2,54,5.12,21.43
2024-03-30,32.5,20.4,25.8,0.0,50,5.61,21.6
2024-03-31,32.3,17.8,24.9,0.0,48,6.05,22.11
2024-04-01,29.9,17.5,23.1,0.0,46,5.4,20.31
2024-04-02,31.6,15.4,23.8,0.0,41,5.95,22.65
2024-04-03,33.4,17.6,25.2,0.0,35,5.26,18.44
2024-04-04,34.4,18.1,26.9,0.0,39,5.65,21.32
2024-04-05,34.2,20.5,27.0,0.0,30,6.39,20.23
2024-04-06,33.7,18.0,25.8,0.0,28,6.82,23.95
2024-04-07,35.1,17.8,27.2,0.0,23,7.45,24.34
2024-04-08,35.4,18.0,26.7,0.0,26,6.94,23.49
2024-04-09,36.5,17.2,27.5,0.0,21,6.82,22.53
2024-04-10,36.5,18.5,28.1,0.0,24,7.52,23.01
2024-04-11,37.0,20.0,29.4,0.0,21,7.89,23.95
2024-04-12,36.9,22.4,29.6,0.0,26,6.9,23.16
2024-04-13,34.5,23.1,28.4,1.4,33,6.19,18.54
2024-04-14,32.5,21.5,26.5,0.2,52,5.39,17.74
2024-04-15,34.5,21.2,27.8,0.1,47,5.53,17.21
2024-04-16,34.1,21.5,28.1,0.0,43,7.14,23.15
2024-04-17,34.2,20.6,27.7,0.0,34,7.43,21.39
2024-04-18,36.8,21.5,30.0,0.0,31,6.71,22.67
2024-04-19,37.2,23.3,30.2,0.0,31,8.18,21.19
2024-04-20,34.3,22.0,28.9,0.0,32,7.28,22.73
2024-04-21,35.2,22.3,28.7,0.0,34,6.84,22.61
2024-04-22,35.9,21.8,29.0,0.0,31,6.86,23.88
2024-04-23,36.0,21.2,28.7,0.0,27,6.96,22.82
2024-04-24,36.0,19.5,28.6,0.0,31,7.83,24.27
2024-04-25,37.8,21.6,30.0,0.0,25,7.45,24.63
2024-04-26,38.8,22.0,31.0,0.0,26,7.79,22.28
2024-04-27,36.0,23.0,29.8,0.0,32,7.5,23.27
2024-04-28,36.0,21.8,29.1,0.0,35,5.98,21.64
2024-04-29,32.6,22.5,27.8,0.0,37,6.47,21.52
2024-04-30,34.5,18.9,27.1,0.0,35,6.93,25.04
2024-05-01,31.2,18.2,25.2,0.0,29,7.88,24.9
2024-05-02,34.5,18.5,26.8,0.0,28,7.37,24.62
2024-05-03,37.2,18.8,28.6,0.0,26,7.0,22.38
2024-05-04,39.0,23.7,31.7,0.1,24,6.89,22.88
2024-05-05,39.7,22.5,31.9,0.0,24,8.48,24.24
2024-05-06,39.5,24.3,31.9,0.0,27,7.48,22.38
2024-05-07,40.5,25.0,33.2,0.0,25,7.26,23.5
2024-05-08,40.0,27.0,33.1,0.0,32,7.48,22.79
2024-05-09,39.5,26.6,32.6,0.0,35,7.99,22.82
2024-05-10,41.3,26.1,32.2,0.0,37,7.94,22.91
2024-05-11,39.5,24.9,31.7,0.0,40,7.23,22.94
2024-05-12,38.5,25.1,31.8,0.0,35,6.91,19.61
2024-05-13,40.0,24.9,32.2,0.0,27,7.47,24.07
2024-05-14,39.9,23.8,31.9,0.0,26,7.75,23.9
2024-05-15,41.1,24.5,33.1,0.0,24,7.68,23.86
2024-05-16,42.4,25.6,33.9,0.0,23,7.86,23.66
2024-05-17,42.8,25.5,34.8,0.0,23,7.66,22.61
2024-05-18,43.0,27.6,35.3,0.0,23,8.27,23.32
2024-05-19,43.7,26.4,35.4,0.0,21,8.95,22.72
2024-05-20,43.3,26.8,35.9,0.0,21,9.19,22.88
2024-05-21,42.7,28.0,35.3,0.0,21,7.47,23.23
2024-05-22,43.1,28.1,35.8,0.0,28,8.43,22.3
2024-05-23,42.2,30.9,36.2,0.0,34,8.29,21.91
2024-05-24,41.3,30.2,36.0,0.0,32,8.0,22.06
2024-05-25,44.0,29.8,36.7,0.0,27,8.58,22.82
2024-05-26,45.0,28.6,37.2,0.0,22,8.39,23.36
2024-05-27,45.7,29.1,37.9,0.0,19,8.56,24.31
2024-05-28,45.3,27.4,36.9,0.0,15,8.12,24.54
2024-05-29,45.9,29.7,37.2,0.0,23,8.06,22.34
2024-05-30,45.1,31.7,38.1,0.0,20,10.16,24.01
2024-05-31,44.5,28.7,36.9,0.0,14,8.61,21.67
2024-06-01,43.1,30.6,36.1,0.1,23,8.68,19.54
2024-06-02,42.6,29.0,36.1,0.0,29,8.16,21.8
2024-06-03,44.3,30.5,36.8,0.0,26,9.15,23.09
2024-06-04,43.0,30.5,36.8,0.0,20,8.93,21.82
2024-06-05,40.8,31.6,36.0,0.9,27,8.82,21.24
2024-06-06,40.1,27.7,34.1,0.0,30,7.16,21.87
2024-06-07,40.9,27.2,34.2,0.0,33,7.49,22.62
2024-06-08,39.1,27.0,33.2,0.0,30,6.63,15.36
2024-06-09,41.0,26.1,33.9,0.0,28,8.11,23.36
2024-06-10,41.6,26.9,34.3,0.0,23,8.05,23.19
2024-06-11,42.2,28.0,35.2,0.0,22,8.05,23.35
2024-06-12,43.9,27.3,36.2,0.0,21,9.31,23.64
2024-06-13,43.5,29.7,36.8,0.0,23,9.34,22.22
2024-06-14,42.5,32.2,36.4,0.0,29,9.57,21.13
2024-06-15,43.0,31.5,37.1,0.0,28,9.75,22.23
2024-06-16,43.7,32.8,37.8,0.0,28,9.19,22.14
2024-06-17,44.0,33.5,38.4,0.0,26,9.56,21.93
2024-06-18,43.5,34.0,38.5,0.0,29,10.12,22.31
2024-06-19,40.9,32.5,36.6,0.0,37,8.03,17.92
2024-06-20,39.7,28.9,33.8,1.1,44,6.34,17.25
2024-06-21,35.8,25.2,30.7,3.4,61,5.04,18.55
2024-06-22,37.6,27.7,32.7,0.0,55,4.93,18.03
2024-06-23,38.8,29.5,33.9,0.0,49,4.93,14.81
2024-06-24,39.1,30.2,34.5,0.2,52,5.62,18.33
2024-06-25,38.8,29.3,34.4,0.0,54,6.06,21.25
2024-06-26,35.5,27.4,32.6,21.0,65,5.03,17.96
2024-06-27,35.2,26.8,31.3,3.4,70,4.92,17.36
2024-06-28,35.8,26.2,30.5,8.2,74,4.98,20.42
2024-06-29,34.0,27.3,30.8,2.6,75,4.42,17.99
2024-06-30,36.1,28.1,32.0,0.1,71,4.93,19.8
2024-07-01,37.0,26.3,30.7,22.7,77,4.49,17.57
2024-07-02,37.2,26.1,32.0,14.6,71,5.08,19.29
2024-07-03,38.2,27.0,32.0,10.0,73,5.29,19.56
2024-07-04,34.1,26.1,29.3,16.8,78,3.82,15.05
2024-07-05,34.5,26.8,30.2,1.4,75,4.57,19.36
2024-07-06,34.2,25.1,29.2,5.3,78,3.81,16.27
2024-07-07,32.8,25.2,28.3,44.0,81,2.75,11.37
2024-07-08,33.5,25.2,29.0,22.6,77,4.55,19.43
2024-07-09,33.8,25.6,30.0,0.6,75,4.71,20.75
2024-07-10,35.2,25.9,31.0,3.1,75,4.81,21.34
2024-07-11,37.6,28.6,33.1,0.0,66,5.75,21.52
2024-07-12,37.8,27.4,31.2,0.7,69,5.17,18.36
2024-07-13,33.8,25.9,30.4,1.6,74,4.69,20.35
2024-07-14,35.5,27.0,31.1,0.3,70,5.05,21.5
2024-07-15,35.8,28.0,31.8,0.2,69,5.51,21.75
2024-07-16,35.4,28.2,31.7,1.5,72,4.89,18.6
2024-07-17,36.0,29.0,32.1,0.1,72,5.35,21.1
2024-07-18,36.2,28.6,32.3,0.0,71,5.31,21.51
2024-07-19,36.0,28.5,32.1,0.0,71,5.41,21.57
2024-07-20,36.5,28.5,32.4,0.1,69,5.49,21.7
2024-07-21,37.0,29.1,33.0,0.0,66,5.83,21.96
2024-07-22,38.2,29.4,33.2,0.0,67,6.08,21.98
2024-07-23,36.2,28.5,32.0,1.5,72,5.21,21.42
2024-07-24,36.7,27.6,32.0,1.5,71,5.4,21.46
2024-07-25,36.4,27.0,31.1,0.8,76,4.67,20.01
2024-07-26,34.0,26.7,30.4,21.9,79,2.72,10.84
2024-07-27,36.2,27.2,32.0,2.3,72,4.71,19.25
2024-07-28,36.8,29.4,33.0,0.4,68,5.43,20.85
2024-07-29,37.7,29.2,33.2,0.0,66,6.05,21.97
2024-07-30,38.0,30.1,33.8,0.0,65,5.44,20.0
2024-07-31,37.5,27.7,32.1,32.1,74,4.5,17.31
2024-08-01,30.8,26.6,28.2,18.0,87,2.09,8.97
2024-08-02,33.5,26.4,29.2,1.9,82,4.27,18.62
2024-08-03,33.8,26.5,29.8,1.2,78,4.93,20.31
2024-08-04,34.3,27.1,30.5,0.0,73,5.15,19.87
2024-08-05,33.4,28.0,30.3,0.7,71,5.63,20.5
2024-08-06,33.2,27.2,29.9,0.6,74,4.68,18.45
2024-08-07,32.0,26.1,28.3,14.5,83,3.69,15.99
2024-08-08,32.2,25.4,28.5,4.7,81,3.63,15.95
2024-08-09,32.7,24.9,28.6,7.3,82,4.1,18.79
2024-08-10,32.8,25.9,28.2,14.1,85,3.73,17.05
2024-08-11,30.8,24.8,27.4,30.2,88,2.25,10.15
2024-08-12,31.6,25.8,27.8,14.6,87,3.38,16.01
2024-08-13,31.5,25.4,28.1,13.0,87,3.11,14.36
2024-08-14,32.0,25.9,28.1,21.9,89,3.32,15.49
2024-08-15,32.3,26.3,28.6,17.6,87,3.41,15.63
2024-08-16,32.2,25.6,28.1,9.7,86,3.33,14.88
2024-08-17,32.0,25.3,28.7,1.3,81,3.66,15.97
2024-08-18,32.8,26.3,29.4,0.5,79,4.63,20.68
2024-08-19,32.7,26.6,29.2,1.9,80,4.46,20.28
2024-08-20,33.7,26.8,29.4,7.5,78,4.82,21.33
2024-08-21,33.6,26.4,29.6,0.2,80,4.71,21.41
2024-08-22,34.0,25.7,29.8,0.1,79,4.31,18.73
2024-08-23,32.8,24.9,28.8,18.3,81,4.42,20.56
2024-08-24,32.6,26.0,29.4,0.9,80,4.39,19.93
2024-08-25,33.5,26.2,29.5,8.3,77,4.54,18.31
2024-08-26,32.9,27.2,29.3,1.8,77,4.92,20.39
2024-08-27,31.4,25.0,27.7,24.2,82,3.81,16.09
2024-08-28,31.4,24.5,27.2,12.5,86,3.71,17.11
2024-08-29,30.4,24.7,27.2,7.3,85,3.49,15.82
2024-08-30,32.4,25.5,28.5,0.4,83,4.29,20.04
2024-08-31,33.5,25.7,29.5,0.4,77,4.76,21.01
2024-09-01,33.5,26.1,29.7,1.3,79,4.32,19.57
2024-09-02,32.2,25.4,28.5,3.3,84,3.75,17.41
2024-09-03,31.9,25.8,28.4,8.5,80,3.76,16.69
2024-09-04,31.3,24.9,26.7,7.3,88,2.69,12.46
2024-09-05,31.8,24.1,27.4,1.4,85,4.02,19.03
2024-09-06,31.5,24.6,27.2,7.4,87,3.82,18.21
2024-09-07,30.6,24.9,27.4,1.1,85,3.05,14.23
2024-09-08,31.0,25.1,27.9,0.1,84,2.62,11.98
2024-09-09,33.1,25.6,29.1,0.1,79,4.21,19.3
2024-09-10,31.5,25.8,27.9,10.3,86,3.67,17.38
2024-09-11,32.7,24.6,28.5,0.3,82,4.33,19.87
2024-09-12,31.6,25.2,27.8,5.8,82,3.23,14.67
2024-09-13,33.0,23.8,27.5,6.3,82,3.77,16.07
2024-09-14,32.0,24.5,27.7,0.1,74,4.58,20.26
2024-09-15,33.1,23.6,28.0,0.0,67,5.06,20.67
2024-09-16,34.2,23.1,28.1,0.0,65,5.09,21.35
2024-09-17,33.8,23.0,28.5,0.0,67,4.66,20.65
2024-09-18,31.8,23.9,27.5,7.4,77,4.01,18.05
2024-09-19,30.0,23.8,26.5,5.7,80,3.25,13.57
2024-09-20,32.3,23.4,27.8,0.0,79,4.05,18.28
2024-09-21,32.2,24.8,28.8,0.0,76,3.57,16.14
2024-09-22,33.8,24.8,29.8,0.0,72,4.18,18.63
2024-09-23,35.4,24.9,30.1,0.0,72,4.12,18.47
2024-09-24,35.0,25.6,30.6,0.0,69,4.33,19.41
2024-09-25,34.7,26.5,30.5,0.0,71,4.68,18.73
2024-09-26,32.0,26.6,29.0,0.8,78,3.98,16.45
2024-09-27,32.5,25.2,28.6,0.2,75,4.19,18.24
2024-09-28,33.1,24.0,28.2,0.0,73,4.3,18.76
2024-09-29,32.8,24.1,28.2,0.1,74,4.02,17.9
2024-09-30,34.3,24.1,28.9,0.0,70,4.51,18.34
2024-10-01,36.0,23.9,29.7,0.0,65,4.92,19.03
2024-10-02,37.0,24.6,30.3,0.0,61,5.25,19.24
2024-10-03,36.5,24.3,29.3,0.0,54,5.29,19.39
2024-10-04,36.5,24.3,29.9,0.0,50,5.33,18.52
2024-10-05,35.8,24.9,29.6,0.0,52,5.28,18.6
2024-10-06,34.5,22.8,28.8,0.0,52,5.3,17.94
2024-10-07,33.8,21.6,27.6,0.0,61,4.5,18.4
2024-10-08,33.5,21.6,27.7,0.0,58,4.46,17.6
2024-10-09,33.2,21.9,27.4,0.0,57,4.45,17.65
2024-10-10,33.2,21.4,26.7,0.0,51,4.75,18.12
2024-10-11,32.2,19.5,25.6,0.0,52,4.55,18.06
2024-10-12,32.8,20.0,26.3,0.0,54,4.4,17.9
2024-10-13,32.9,19.2,25.9,0.0,55,4.27,17.71
2024-10-14,32.8,20.1,25.8,0.0,51,4.54,17.57
2024-10-15,33.2,19.1,26.2,0.0,47,4.62,17.54
2024-10-16,34.0,18.9,25.9,0.0,53,3.97,15.55
2024-10-17,34.5,20.2,26.6,0.0,54,4.25,17.1
2024-10-18,34.2,20.4,26.8,0.0,56,4.17,17.0
2024-10-19,35.0,20.1,26.8,0.0,53,4.39,16.63
2024-10-20,33.6,19.4,26.3,0.0,59,3.95,16.78
2024-10-21,32.7,20.6,26.3,0.0,67,3.62,16.39
2024-10-22,31.8,20.1,25.7,0.0,67,3.65,15.44
2024-10-23,32.4,20.9,25.9,0.0,60,3.81,15.31
2024-10-24,33.0,19.9,25.6,0.0,59,4.34,16.16
2024-10-25,32.3,19.9,25.5,0.0,63,4.1,16.05
2024-10-26,32.8,19.6,25.5,0.0,66,3.69,15.71
2024-10-27,32.5,19.8,25.7,0.0,67,3.71,15.63
2024-10-28,33.4,21.1,26.7,0.0,65,4.07,15.53
2024-10-29,34.8,22.2,27.4,0.0,62,3.93,15.43
2024-10-30,35.0,20.9,27.2,0.0,62,3.86,15.14
2024-10-31,32.6,20.4,25.8,0.0,60,4.03,15.15
2024-11-01,32.8,18.9,24.9,0.0,56,4.14,15.38
2024-11-02,32.1,18.6,24.5,0.0,59,3.47,14.91
2024-11-03,31.0,17.2,24.0,0.0,61,3.18,14.89
2024-11-04,30.8,15.8,23.3,0.0,63,3.21,14.79
2024-11-05,30.5,17.7,23.8,0.0,66,3.29,14.31
2024-11-06,30.6,18.0,24.0,0.0,70,3.02,14.17
2024-11-07,30.6,18.4,24.2,0.0,70,3.06,14.14
2024-11-08,31.2,19.4,24.8,0.0,69,3.15,13.96
2024-11-09,30.9,20.0,24.4,0.0,69,3.08,13.94
2024-11-10,30.0,18.5,23.8,0.0,72,2.89,13.77
2024-11-11,30.2,18.4,23.5,0.0,72,2.9,13.4
2024-11-12,30.5,17.1,23.1,0.0,66,3.24,13.82
2024-11-13,29.1,16.4,22.2,0.0,65,2.88,13.76
2024-11-14,29.0,16.2,22.1,0.0,65,2.99,13.38
2024-11-15,28.5,16.0,21.9,0.0,63,3.04,13.41
2024-11-16,28.4,15.9,21.8,0.0,63,2.89,12.93
2024-11-17,26.4,15.4,20.4,0.0,67,2.81,13.01
2024-11-18,25.7,13.4,19.3,0.0,62,2.6,13.4
2024-11-19,25.5,11.4,18.5,0.0,56,2.67,13.4
2024-11-20,25.6,11.1,18.4,0.0,53,2.52,13.46
2024-11-21,25.8,10.6,18.5,0.0,52,2.52,13.32
2024-11-22,26.4,11.5,18.9,0.0,54,2.62,13.07
2024-11-23,28.0,13.3,19.8,0.0,52,3.04,12.94
2024-11-24,27.5,14.2,20.3,0.0,53,3.21,12.77
2024-11-25,25.5,13.3,19.1,0.0,65,2.81,12.82
2024-11-26,25.4,11.8,18.5,0.0,61,2.45,12.73
2024-11-27,25.6,11.9,18.4,0.0,58,2.55,12.84
2024-11-28,25.1,10.4,17.3,0.0,60,2.33,12.91
2024-11-29,24.2,10.5,17.0,0.0,67,2.34,12.61
2024-11-30,24.4,11.6,17.8,0.0,67,2.55,12.13
2024-12-01,24.9,12.5,18.5,0.0,65,2.47,12.21
2024-12-02,25.3,12.6,18.6,0.0,65,2.37,12.25
2024-12-03,25.5,13.4,19.2,0.0,62,2.82,12.12
2024-12-04,24.9,14.2,18.9,0.0,54,3.3,12.38
2024-12-05,23.9,10.6,17.1,0.0,47,3.07,12.77
2024-12-06,23.5,9.9,16.5,0.0,53,2.53,12.54
2024-12-07,22.6,8.4,15.5,0.0,53,2.5,12.75
2024-12-08,21.9,9.7,14.8,0.0,61,2.93,11.69
2024-12-09,19.6,8.8,13.6,0.0,74,2.09,12.17
2024-12-10,19.7,7.8,13.6,0.0,55,2.65,12.62
2024-12-11,20.0,6.8,13.0,0.0,51,2.58,12.62
2024-12-12,20.0,6.3,12.9,0.0,59,2.38,12.41
2024-12-13,20.4,7.8,13.5,0.0,50,3.14,12.62
2024-12-14,20.1,7.1,13.3,0.0,48,2.93,12.58
2024-12-15,20.5,5.8,12.8,0.0,57,2.13,12.7
2024-12-16,20.4,4.7,12.2,0.0,69,1.96,12.69
2024-12-17,19.9,5.2,12.2,0.0,71,2.13,12.47
2024-12-18,19.5,4.9,12.0,0.0,66,2.04,12.66
2024-12-19,20.0,5.1,12.7,0.0,68,2.24,12.31
2024-12-20,21.1,7.9,13.9,0.0,73,2.16,12.03
2024-12-21,20.5,7.2,13.5,0.0,73,1.99,12.18
2024-12-22,21.3,8.1,14.4,0.0,71,2.4,12.2
2024-12-23,15.8,12.4,13.2,14.6,85,0.8,3.4
2024-12-24,19.5,10.2,14.0,0.2,79,1.87,11.06
2024-12-25,20.3,8.2,13.3,0.0,79,2.03,12.06
2024-12-26,21.0,7.7,14.0,0.0,77,2.0,12.16
2024-12-27,18.2,12.9,14.9,8.9,88,1.14,6.29
2024-12-28,19.2,10.1,14.9,7.7,83,1.79,10.22
2024-12-29,18.5,8.6,12.5,0.0,85,1.94,12.28
2024-12-30,18.5,8.3,12.0,0.0,86,1.79,11.39
2024-12-31,17.0,5.7,10.1,0.0,89,1.64,10.88
2025-01-01,17.2,5.6,10.1,0.0,88,1.62,10.64
2025-01-02,18.4,6.8,11.0,0.0,87,1.7,11.02
2025-01-03,19.8,6.3,11.7,0.0,88,1.66,10.65
2025-01-04,21.8,6.3,12.7,0.0,90,1.73,10.83
2025-01-05,19.2,10.9,13.7,0.2,90,1.58,10.29
2025-01-06,17.8,9.4,12.4,0.1,90,1.29,8.06
2025-01-07,18.0,9.0,12.3,0.0,84,1.8,11.38
2025-01-08,19.1,7.2,12.4,0.0,70,2.19,13.02
2025-01-09,19.8,5.5,12.4,0.0,76,2.1,13.1
2025-01-10,19.2,6.4,12.0,0.0,85,2.07,13.22
2025-01-11,13.4,8.6,11.2,13.0,94,0.54,2.94
2025-01-12,15.9,9.2,11.5,8.3,91,1.04,6.63
2025-01-13,18.9,7.9,12.3,0.0,86,1.93,12.35
2025-01-14,18.9,6.8,12.1,0.0,83,2.08,13.42
2025-01-15,17.9,5.7,11.1,0.0,89,1.71,11.33
2025-01-16,18.8,9.6,13.2,0.0,83,2.01,12.79
2025-01-17,18.0,7.1,11.5,0.0,85,2.01,13.22
2025-01-18,17.1,5.9,10.8,0.0,88,1.65,10.74
2025-01-19,20.9,7.8,13.6,0.0,89,1.93,11.9
2025-01-20,21.8,10.1,15.3,0.0,85,2.26,13.64
2025-01-21,21.1,9.2,14.6,0.0,79,2.36,13.97
2025-01-22,21.3,9.4,14.8,0.0,79,1.99,12.03
2025-01-23,21.9,9.1,14.7,0.0,73,2.65,14.05
2025-01-24,21.0,8.8,14.2,0.0,64,2.92,14.75
2025-01-25,20.9,7.1,13.4,0.0,58,2.92,15.17
2025-01-26,21.4,6.9,13.4,0.0,56,2.86,15.3
2025-01-27,21.9,5.2,13.0,0.0,63,2.69,15.38
2025-01-28,22.4,6.4,14.0,0.0,62,2.59,15.35
2025-01-29,22.9,9.2,15.4,0.0,70,2.98,15.04
2025-01-30,22.9,10.7,16.2,0.0,77,2.61,14.99
2025-01-31,22.8,10.4,15.8,0.0,84,2.2,12.33
2025-02-01,23.2,11.5,16.4,0.1,80,2.38,13.08
2025-02-02,21.9,10.1,15.2,0.0,75,2.73,14.52
2025-02-03,21.8,8.6,14.9,0.0,65,2.84,15.78
2025-02-04,20.9,11.1,15.4,1.3,74,1.99,10.03
2025-02-05,21.4,7.7,14.9,0.0,66,2.98,16.0
2025-02-06,21.1,7.8,14.0,0.0,59,3.25,16.29
2025-02-07,21.0,9.2,14.5,0.0,54,3.55,16.28
2025-02-08,22.6,9.1,15.4,0.0,59,3.13,16.2
2025-02-09,24.0,9.4,15.8,0.0,69,2.89,16.42
2025-02-10,25.2,10.1,16.9,0.0,71,3.09,16.3
2025-02-11,25.4,10.9,17.7,0.0,72,3.12,15.96
2025-02-12,23.8,12.1,17.5,0.0,58,3.78,17.04
2025-02-13,23.2,10.4,16.5,0.0,58,3.58,17.19
2025-02-14,24.5,10.1,17.1,0.0,56,3.49,16.91
2025-02-15,23.8,12.2,17.9,0.0,59,3.52,16.86
2025-02-16,24.9,11.3,18.1,0.5,68,3.07,14.96
2025-02-17,26.5,12.2,19.2,0.4,66,3.24,16.21
2025-02-18,26.5,15.6,20.2,0.0,57,3.65,16.1
2025-02-19,26.9,13.4,19.3,2.6,58,3.17,14.93
2025-02-20,24.0,14.0,17.7,5.8,79,2.92,15.54
2025-02-21,22.9,10.8,16.3,0.0,78,3.08,16.88
2025-02-22,23.5,12.1,17.1,0.0,71,3.17,16.3
2025-02-23,24.8,11.3,17.7,0.0,65,3.51,18.38
2025-02-24,26.5,11.4,18.6,0.0,65,3.61,18.31
2025-02-25,26.0,13.6,19.4,0.0,68,3.45,14.95
2025-02-26,28.0,17.5,22.1,0.0,64,3.16,12.69
2025-02-27,21.6,18.2,19.8,2.1,79,1.82,6.3
2025-02-28,23.9,17.0,19.5,8.7,77,2.59,12.27
2025-03-01,23.9,14.6,18.9,0.0,83,2.61,14.1
2025-03-02,24.9,13.1,18.3,0.0,65,3.86,19.88
2025-03-03,28.0,11.0,19.0,0.0,62,3.9,17.59
2025-03-04,24.0,12.6,18.4,0.0,60,4.32,18.92
2025-03-05,24.6,10.7,17.7,0.0,41,5.63,20.64
2025-03-06,28.6,11.5,19.4,0.0,36,4.91,20.7
2025-03-07,29.5,11.6,20.5,0.0,44,4.57,20.27
2025-03-08,30.6,13.4,21.8,0.0,43,4.72,20.59
2025-03-09,31.0,16.1,22.8,0.0,51,5.38,20.24
2025-03-10,31.1,17.5,23.5,0.0,57,5.1,19.01
2025-03-11,31.5,18.4,24.5,0.0,58,4.37,18.18
2025-03-12,31.8,17.1,24.5,0.0,54,4.73,19.79
2025-03-13,30.5,18.7,23.7,3.5,59,4.44,18.69
2025-03-14,33.0,17.3,23.5,0.0,61,4.66,17.96
2025-03-15,27.2,16.2,21.4,4.4,65,4.5,19.98
2025-03-16,28.3,14.9,21.2,0.0,59,4.75,21.07
2025-03-17,27.4,13.9,21.1,0.0,57,4.68,20.83
2025-03-18,29.5,13.4,21.6,0.0,54,4.64,22.03
2025-03-19,30.9,14.9,22.9,0.0,46,5.28,21.3
2025-03-20,31.1,15.2,23.4,0.0,41,5.56,21.37
2025-03-21,31.5,16.6,23.7,0.0,41,5.55,21.49
2025-03-22,31.5,16.2,23.9,0.0,37,5.4,21.92
2025-03-23,33.0,15.7,24.2,0.0,37,5.32,22.62
2025-03-24,34.2,16.4,25.2,0.0,39,5.63,22.52
2025-03-25,35.4,18.6,26.3,0.0,41,6.1,22.45
2025-03-26,38.1,19.9,28.5,0.0,36,6.7,22.39
2025-03-27,35.8,22.2,28.3,0.0,27,6.87,22.54
2025-03-28,29.9,17.4,23.2,0.0,24,7.12,23.81
2025-03-29,29.9,15.0,22.1,0.0,22,7.0,21.09
2025-03-30,31.8,15.2,23.7,0.0,24,6.53,23.86
2025-03-31,33.6,16.2,25.3,0.0,22,6.48,23.79
2025-04-01,33.9,17.6,25.8,0.0,22,6.21,23.92
2025-04-02,35.7,16.6,26.8,0.0,22,6.03,23.63
2025-04-03,37.2,18.2,27.8,0.0,22,6.84,21.8
2025-04-04,36.5,19.4,28.4,0.0,20,6.99,23.51
2025-04-05,35.6,19.8,28.1,0.0,25,6.54,23.52
2025-04-06,38.7,20.4,29.8,0.0,26,5.81,23.56
2025-04-07,40.2,22.4,31.4,0.0,25,7.41,23.51
2025-04-08,40.8,24.5,32.2,0.0,26,7.83,22.15
2025-04-09,41.2,25.5,32.8,0.0,25,7.21,22.84
2025-04-10,39.5,24.5,31.5,0.0,28,6.74,21.08
2025-04-11,35.5,23.9,28.1,1.1,45,6.41,20.62
2025-04-12,34.8,20.1,27.5,0.0,47,6.55,22.8
2025-04-13,36.0,20.6,28.6,0.0,39,5.75,23.81
2025-04-14,37.3,22.0,30.0,0.0,36,6.66,23.75
2025-04-15,38.2,24.5,31.3,0.0,35,7.44,23.38
2025-04-16,39.7,25.3,32.5,0.0,31,7.43,23.61
2025-04-17,41.7,25.2,33.2,0.0,30,7.34,23.09
2025-04-18,42.4,24.4,32.4,0.0,38,7.46,22.94
2025-04-19,41.4,26.3,33.3,0.0,31,9.03,24.64
2025-04-20,41.0,25.4,32.9,0.0,28,8.18,24.74
2025-04-21,39.8,23.5,31.9,0.0,25,8.1,24.6
2025-04-22,39.8,23.1,31.5,0.0,10,8.25,25.44
2025-04-23,39.9,21.2,31.3,0.0,10,7.89,25.37
2025-04-24,40.7,22.2,32.0,0.0,11,7.38,25.13
2025-04-25,41.8,22.6,32.9,0.0,11,7.12,24.52
2025-04-26,39.8,24.0,32.6,0.0,13,6.7,17.79
2025-04-27,41.3,24.0,33.5,0.0,14,7.36,24.64
2025-04-28,41.0,24.6,32.6,0.0,17,7.43,24.75
2025-04-29,39.3,25.0,31.9,0.0,30,8.0,23.83
2025-04-30,38.8,26.0,32.3,0.0,32,7.52,21.41
2025-05-01,38.3,26.6,32.1,0.0,35,7.84,21.1
2025-05-02,33.8,24.4,28.9,0.0,48,6.68,21.59
2025-05-03,36.6,23.3,29.5,0.9,48,5.71,18.68
2025-05-04,39.0,23.2,29.3,5.4,47,5.82,21.6
2025-05-05,35.8,22.8,29.1,0.1,51,5.8,22.27
2025-05-06,35.1,23.1,28.8,0.0,53,5.65,20.61
2025-05-07,35.5,24.5,29.5,0.4,49,6.14,21.92
2025-05-08,35.8,24.1,29.4,1.9,52,5.79,20.78
2025-05-09,36.7,24.8,29.7,1.5,54,5.63,21.07
2025-05-10,37.9,25.0,31.0,0.2,50,5.6,21.75
2025-05-11,39.3,25.4,32.1,0.0,43,6.17,21.83
2025-05-12,40.3,24.0,32.7,0.0,32,6.81,23.03
2025-05-13,40.8,27.1,33.5,0.0,26,8.34,21.0
2025-05-14,41.8,24.9,33.5,0.0,27,7.48,23.44
2025-05-15,42.5,25.8,34.5,0.0,25,7.65,23.91
2025-05-16,42.9,29.0,35.8,0.0,21,9.42,22.71
2025-05-17,43.0,29.5,36.6,0.0,22,9.71,22.04
2025-05-18,43.0,30.9,36.7,0.0,24,9.37,22.29
2025-05-19,43.8,28.0,35.9,0.0,33,7.24,22.51
2025-05-20,43.5,26.9,36.0,0.0,34,7.99,22.33
2025-05-21,43.8,29.0,35.7,0.0,31,7.88,22.46
2025-05-22,40.0,28.0,34.0,0.0,45,7.81,23.2
2025-05-23,40.0,27.8,33.7,0.0,45,8.18,23.27
2025-05-24,40.2,27.8,34.1,0.6,44,8.36,21.35
2025-05-25,34.8,23.6,30.1,0.0,53,6.64,22.43
2025-05-26,37.2,25.5,31.3,0.4,55,5.78,20.99
2025-05-27,38.9,27.0,33.3,0.0,47,6.58,23.03
2025-05-28,40.8,28.7,35.1,0.0,43,6.09,21.86
2025-05-29,42.2,30.0,35.6,0.0,32,7.2,21.96
2025-05-30,37.2,29.6,32.4,0.0,38,5.27,12.39
2025-05-31,41.3,26.9,32.9,0.0,38,6.94,20.44
2025-06-01,38.2,26.7,31.9,1.0,39,5.71,17.33
2025-06-02,39.2,25.1,31.6,0.0,39,6.68,20.7
2025-06-03,35.5,24.3,29.1,0.0,54,4.71,17.81
2025-06-04,36.5,23.5,29.3,0.5,50,5.62,20.67
2025-06-05,37.6,24.0,30.6,0.0,42,5.72,21.35
2025-06-06,38.6,25.1,32.5,0.0,40,6.34,22.87
2025-06-07,41.2,27.1,34.8,0.0,34,7.06,23.29
2025-06-08,43.7,28.6,36.5,0.0,31,7.78,22.36
2025-06-09,44.4,28.5,36.7,0.0,24,9.23,23.52
2025-06-10,43.9,30.2,37.1,0.0,20,8.71,23.64
2025-06-11,43.8,30.9,37.5,0.0,23,8.35,23.07
2025-06-12,44.5,29.2,37.2,0.0,31,7.29,23.26
2025-06-13,43.8,31.1,36.8,0.0,42,7.88,21.18
2025-06-14,42.5,30.5,36.7,0.0,42,6.78,21.9
2025-06-15,41.3,31.8,35.3,0.0,44,6.4,20.22
2025-06-16,36.2,29.0,32.0,0.2,59,4.45,14.16
2025-06-17,35.8,24.5,30.2,11.7,70,4.43,16.43
2025-06-18,36.8,26.1,31.5,0.0,62,5.52,21.72
2025-06-19,37.7,27.8,32.8,0.0,59,5.97,21.77
2025-06-20,36.5,28.6,32.4,0.0,62,5.39,17.43
2025-06-21,38.2,28.2,33.3,0.0,60,5.86,21.32
2025-06-22,38.7,29.4,33.7,0.5,60,5.46,20.04
2025-06-23,38.3,29.0,33.7,0.6,58,5.7,20.39
2025-06-24,38.8,28.2,33.0,1.6,65,5.44,20.93
2025-06-25,36.0,26.9,30.7,16.7,76,4.73,18.23
2025-06-26,35.9,26.2,30.5,18.3,76,4.49,17.91
2025-06-27,35.8,27.4,31.9,7.3,68,5.06,18.67
2025-06-28,37.4,28.2,32.9,0.0,62,5.7,21.76
2025-06-29,36.2,26.1,30.9,16.0,73,3.91,14.64
2025-06-30,36.4,26.3,31.1,2.1,72,5.07,19.61
2025-07-01,35.2,24.7,30.0,3.2,73,4.97,20.75
2025-07-02,36.0,27.1,31.9,0.0,67,5.57,21.39
2025-07-03,36.5,28.0,32.2,0.0,67,5.66,21.73
2025-07-04,36.7,28.2,32.2,0.9,68,5.25,20.84
2025-07-05,38.5,27.5,32.7,0.5,64,5.26,21.14
2025-07-06,38.2,27.2,32.2,7.9,66,4.66,17.79
2025-07-07,33.8,26.8,29.9,0.6,75,2.94,11.84
2025-07-08,36.6,27.5,31.4,0.8,70,4.79,19.2
2025-07-09,35.5,27.4,30.5,2.6,71,4.67,19.06
2025-07-10,31.5,24.5,27.4,20.4,84,2.38,9.9
2025-07-11,33.8,24.3,28.9,5.5,76,4.69,20.33
2025-07-12,33.0,26.4,29.2,0.1,77,3.85,17.02
2025-07-13,33.8,26.1,29.5,1.5,81,4.44,19.69
2025-07-14,32.2,25.0,27.6,36.3,86,3.26,14.5
2025-07-15,32.8,25.6,28.8,1.5,79,4.62,18.37
2025-07-16,34.2,26.7,30.1,1.6,72,5.05,20.17
2025-07-17,33.3,26.0,29.4,3.1,77,4.45,18.73
2025-07-18,32.8,26.4,29.3,3.4,78,4.23,16.69
2025-07-19,33.3,26.4,29.7,0.0,72,5.07,18.99
2025-07-20,34.8,26.2,30.5,0.0,68,5.23,21.03
2025-07-21,32.8,26.9,29.3,0.4,76,3.29,12.69
2025-07-22,35.0,26.6,30.2,15.5,76,4.43,19.52
2025-07-23,34.5,25.3,29.8,17.9,79,4.39,19.76
2025-07-24,35.5,27.2,30.3,0.0,73,5.07,21.63
2025-07-25,35.4,26.0,30.8,0.0,73,5.26,22.07
2025-07-26,35.5,27.6,31.4,0.3,72,4.73,20.33
2025-07-27,35.2,27.5,31.2,2.3,76,4.65,20.33
2025-07-28,35.0,28.4,31.4,0.5,75,4.82,20.19
2025-07-29,34.0,27.8,30.2,3.6,81,4.31,18.66
2025-07-30,30.5,26.8,28.7,13.5,85,2.85,12.9
2025-07-31,29.5,26.1,27.7,14.9,90,2.08,9.32
2025-08-01,31.9,26.0,27.8,11.2,84,3.5,15.69
2025-08-02,33.2,25.4,29.2,0.8,78,4.69,20.66
2025-08-03,35.1,26.5,30.6,0.2,72,4.99,20.8
2025-08-04,35.0,27.8,31.0,0.0,67,4.92,18.69
2025-08-05,34.9,27.9,30.7,0.1,67,5.3,19.57
2025-08-06,34.5,27.1,30.6,0.2,65,5.25,21.37
2025-08-07,36.0,27.2,31.5,0.0,59,5.97,22.2
2025-08-08,36.3,27.5,32.0,0.0,56,6.03,22.14
2025-08-09,33.8,28.0,30.4,0.1,67,3.09,10.27
2025-08-10,35.8,26.9,31.2,0.0,65,5.28,21.83
2025-08-11,35.8,28.0,31.6,2.4,64,4.7,16.25
2025-08-12,34.5,27.9,30.6,0.3,70,3.76,14.3
2025-08-13,35.5,27.9,31.6,0.4,61,5.27,20.38
2025-08-14,29.5,26.0,27.9,5.2,84,1.52,5.45
2025-08-15,33.3,25.2,29.2,0.2,82,4.6,20.93
2025-08-16,33.2,26.6,29.7,2.3,82,3.96,17.41
2025-08-17,33.5,26.0,29.6,2.6,81,3.71,15.52
2025-08-18,32.8,27.4,30.0,4.3,77,4.4,18.45
2025-08-19,34.2,27.0,30.1,0.7,75,4.87,20.36
2025-08-20,32.4,25.9,29.0,9.9,80,3.54,14.87
2025-08-21,34.3,26.0,30.6,0.6,71,5.14,21.24
2025-08-22,35.8,26.9,31.3,0.4,68,4.95,21.14
2025-08-23,34.0,26.2,29.5,0.7,76,4.29,18.38
2025-08-24,32.8,25.4,27.7,30.4,85,3.07,13.62
2025-08-25,29.9,24.4,26.6,23.6,90,2.6,12.42
2025-08-26,31.2,25.0,27.5,8.7,87,3.39,15.75
2025-08-27,33.0,25.6,29.1,0.4,81,4.32,19.86
2025-08-28,33.9,26.1,29.4,14.9,81,4.66,21.06
2025-08-29,32.2,25.3,27.9,4.4,87,3.26,14.54
2025-08-30,30.6,26.0,28.2,1.0,86,2.25,9.36
2025-08-31,29.6,24.5,26.6,40.1,90,2.28,10.45
2025-09-01,30.8,24.0,26.2,41.2,89,3.0,14.02
2025-09-02,30.0,24.1,26.3,4.3,88,3.27,15.76
2025-09-03,30.5,25.1,27.1,0.2,86,3.38,15.7
2025-09-04,28.8,24.0,26.5,8.9,86,2.14,9.41
2025-09-05,32.2,24.6,27.9,7.9,83,4.28,20.02
2025-09-06,32.0,25.0,27.6,8.6,86,3.83,17.95
2025-09-07,31.7,24.8,27.8,5.8,86,3.51,16.26
2025-09-08,32.6,25.2,28.8,0.0,77,4.52,20.89
2025-09-09,32.8,25.5,29.0,0.0,74,4.65,20.16
2025-09-10,32.8,25.1,28.8,0.0,73,4.94,20.67
2025-09-11,32.8,24.6,28.4,0.0,71,4.92,21.04
2025-09-12,33.0,24.6,28.5,0.0,71,4.72,20.48
2025-09-13,32.5,24.4,28.7,0.5,73,4.07,17.62
2025-09-14,34.6,25.5,30.1,0.3,67,4.77,20.02
2025-09-15,35.0,26.2,30.6,0.0,60,5.2,19.95
2025-09-16,34.8,26.1,30.5,0.0,57,5.3,20.57
2025-09-17,35.5,25.8,31.0,0.0,60,4.92,20.33
2025-09-18,34.7,26.2,30.2,0.7,67,4.55,18.82
2025-09-19,36.0,25.8,30.8,0.0,60,5.01,19.71
2025-09-20,36.2,25.8,31.0,0.0,53,5.73,20.45
2025-09-21,36.2,24.6,30.4,0.0,53,5.77,20.35
2025-09-22,36.3,24.7,30.4,0.0,52,6.05,20.76
2025-09-23,35.9,25.5,30.2,0.0,52,5.79,20.5
2025-09-24,35.7,24.9,29.9,0.0,53,5.68,20.51
2025-09-25,35.5,24.9,29.9,0.0,56,5.28,20.29
2025-09-26,36.0,25.1,30.4,0.0,59,5.32,20.07
2025-09-27,35.8,25.2,30.6,0.0,61,4.79,19.73
2025-09-28,35.3,26.2,30.7,0.0,65,4.71,18.89
2025-09-29,35.3,26.5,30.8,0.0,64,4.77,18.44
2025-09-30,35.8,26.2,30.7,0.0,60,4.78,18.38
2025-10-01,32.9,22.9,28.5,3.7,69,4.13,17.52
2025-10-02,33.4,25.2,29.3,0.0,69,4.33,17.48
2025-10-03,33.5,24.1,28.8,0.0,70,4.08,17.71
2025-10-04,35.0,25.0,29.5,0.0,62,4.56,17.84
2025-10-05,33.1,22.3,27.3,1.8,66,3.99,16.63
2025-10-06,26.3,21.8,23.8,6.8,79,2.06,7.94
2025-10-07,25.9,19.8,22.2,8.2,87,2.28,11.63
2025-10-08,27.5,19.4,22.9,0.0,78,3.49,16.82
2025-10-09,28.7,18.8,23.3,0.0,69,3.98,18.41
2025-10-10,29.0,18.5,23.2,0.0,69,3.65,17.93
2025-10-11,30.0,18.3,24.1,0.0,64,3.96,16.42
2025-10-12,31.0,19.4,24.6,0.0,63,3.92,17.91
2025-10-13,31.4,18.6,24.6,0.0,61,3.63,17.87
2025-10-14,31.6,19.1,25.1,0.0,53,4.17,17.86
2025-10-15,31.7,19.1,25.1,0.0,50,4.08,17.64
2025-10-16,31.5,19.2,25.2,0.0,52,3.75,17.44
2025-10-17,32.0,19.4,25.4,0.0,56,3.74,17.18
2025-10-18,32.4,20.6,26.1,0.0,55,3.8,16.62
2025-10-19,32.7,20.5,26.2,0.0,54,3.78,16.87
2025-10-20,32.2,20.1,25.7,0.0,56,4.12,16.07
